/Users/yanlu/Desktop/data/IMG/center_2021_01_30_21_16_07_602.jpg,/Users/yanlu/Desktop/data/IMG/left_2021_01_30_21_16_07_602.jpg,/Users/yanlu/Desktop/data/IMG/right_2021_01_30_21_16_07_602.jpg,0,1,0,30.19059
/Users/yanlu/Desktop/data/IMG/center_2021_01_30_21_16_07_675.jpg,/Users/yanlu/Desktop/data/IMG/left_2021_01_30_21_16_07_675.jpg,/Users/yanlu/Desktop/data/IMG/right_2021_01_30_21_16_07_675.jpg,0,1,0,30.19049
/Users/yanlu/Desktop/data/IMG/center_2021_01_30_21_16_07_744.jpg,/Users/yanlu/Desktop/data/IMG/left_2021_01_30_21_16_07_744.jpg,/Users/yanlu/Desktop/data/IMG/right_2021_01_30_21_16_07_744.jpg,0,1,0,30.1905
/Users/yanlu/Desktop/data/IMG/center_2021_01_30_21_16_07_814.jpg,/Users/yanlu/Desktop/data/IMG/left_2021_01_30_21_16_07_814.jpg,/Users/yanlu/Desktop/data/IMG/right_2021_01_30_21_16_07_814.jpg,0,1,0,30.19056
/Users/yanlu/Desktop/data/IMG/center_2021_01_30_21_16_07_888.jpg,/Users/yanlu/Desktop/data/IMG/left_2021_01_30_21_16_07_888.jpg,/Users/yanlu/Desktop/data/IMG/right_2021_01_30_21_16_07_888.jpg,0,1,0,30.1905
/Users/yanlu/Desktop/data/IMG/center_2021_01_30_21_16_07_964.jpg,/Users/yanlu/Desktop/data/IMG/left_2021_01_30_21_16_07_964.jpg,/Users/yanlu/Desktop/data/IMG/right_2021_01_30_21_16_07_964.jpg,0,1,0,30.19055
/Users/yanlu/Desktop/data/IMG/center_2021_01_30_21_16_08_041.jpg,/Users/yanlu/Desktop/data/IMG/left_2021_01_30_21_16_08_041.jpg,/Users/yanlu/Desktop/data/IMG/right_2021_01_30_21_16_08_041.jpg,-0.05,1,0,30.19031
/Users/yanlu/Desktop/data/IMG/center_2021_01_30_21_16_08_110.jpg,/Users/yanlu/Desktop/data/IMG/left_2021_01_30_21_16_08_110.jpg,/Users/yanlu/Desktop/data/IMG/right_2021_01_30_21_16_08_110.jpg,-0.2,1,0,30.17972
/Users/yanlu/Desktop/data/IMG/center_2021_01_30_21_16_08_179.jpg,/Users/yanlu/Desktop/data/IMG/left_2021_01_30_21_16_08_179.jpg,/Users/yanlu/Desktop/data/IMG/right_2021_01_30_21_16_08_179.jpg,-0.4,1,0,30.15691
/Users/yanlu/Desktop/data/IMG/center_2021_01_30_21_16_08_246.jpg,/Users/yanlu/Desktop/data/IMG/left_2021_01_30_21_16_08_246.jpg,/Users/yanlu/Desktop/data/IMG/right_2021_01_30_21_16_08_246.jpg,-0.5500001,1,0,30.13914
/Users/yanlu/Desktop/data/IMG/center_2021_01_30_21_16_08_315.jpg,/Users/yanlu/Desktop/data/IMG/left_2021_01_30_21_16_08_315.jpg,/Users/yanlu/Desktop/data/IMG/right_2021_01_30_21_16_08_315.jpg,-0.7,1,0,30.12024
/Users/yanlu/Desktop/data/IMG/center_2021_01_30_21_16_08_383.jpg,/Users/yanlu/Desktop/data/IMG/left_2021_01_30_21_16_08_383.jpg,/Users/yanlu/Desktop/data/IMG/right_2021_01_30_21_16_08_383.jpg,0,1,0,30.18247
/Users/yanlu/Desktop/data/IMG/center_2021_01_30_21_16_08_455.jpg,/Users/yanlu/Desktop/data/IMG/left_2021_01_30_21_16_08_455.jpg,/Users/yanlu/Desktop/data/IMG/right_2021_01_30_21_16_08_455.jpg,0,1,0,30.1882
/Users/yanlu/Desktop/data/IMG/center_2021_01_30_21_16_08_525.jpg,/Users/yanlu/Desktop/data/IMG/left_2021_01_30_21_16_08_525.jpg,/Users/yanlu/Desktop/data/IMG/right_2021_01_30_21_16_08_525.jpg,0,1,0,30.1898
/Users/yanlu/Desktop/data/IMG/center_2021_01_30_21_16_08_592.jpg,/Users/yanlu/Desktop/data/IMG/left_2021_01_30_21_16_08_592.jpg,/Users/yanlu/Desktop/data/IMG/right_2021_01_30_21_16_08_592.jpg,0,1,0,30.19003
/Users/yanlu/Desktop/data/IMG/center_2021_01_30_21_16_08_665.jpg,/Users/yanlu/Desktop/data/IMG/left_2021_01_30_21_16_08_665.jpg,/Users/yanlu/Desktop/data/IMG/right_2021_01_30_21_16_08_665.jpg,0,1,0,30.19007
/Users/yanlu/Desktop/data/IMG/center_2021_01_30_21_16_08_736.jpg,/Users/yanlu/Desktop/data/IMG/left_2021_01_30_21_16_08_736.jpg,/Users/yanlu/Desktop/data/IMG/right_2021_01_30_21_16_08_736.jpg,0,1,0,30.1901
/Users/yanlu/Desktop/data/IMG/center_2021_01_30_21_16_08_805.jpg,/Users/yanlu/Desktop/data/IMG/left_2021_01_30_21_16_08_805.jpg,/Users/yanlu/Desktop/data/IMG/right_2021_01_30_21_16_08_805.jpg,0,1,0,30.19006
/Users/yanlu/Desktop/data/IMG/center_2021_01_30_21_16_08_873.jpg,/Users/yanlu/Desktop/data/IMG/left_2021_01_30_21_16_08_873.jpg,/Users/yanlu/Desktop/data/IMG/right_2021_01_30_21_16_08_873.jpg,0,1,0,30.19151
/Users/yanlu/Desktop/data/IMG/center_2021_01_30_21_16_08_945.jpg,/Users/yanlu/Desktop/data/IMG/left_2021_01_30_21_16_08_945.jpg,/Users/yanlu/Desktop/data/IMG/right_2021_01_30_21_16_08_945.jpg,0.15,1,0,30.18466
/Users/yanlu/Desktop/data/IMG/center_2021_01_30_21_16_09_015.jpg,/Users/yanlu/Desktop/data/IMG/left_2021_01_30_21_16_09_015.jpg,/Users/yanlu/Desktop/data/IMG/right_2021_01_30_21_16_09_015.jpg,0.3,1,0,30.1698
/Users/yanlu/Desktop/data/IMG/center_2021_01_30_21_16_09_085.jpg,/Users/yanlu/Desktop/data/IMG/left_2021_01_30_21_16_09_085.jpg,/Users/yanlu/Desktop/data/IMG/right_2021_01_30_21_16_09_085.jpg,0,1,0,30.19087
/Users/yanlu/Desktop/data/IMG/center_2021_01_30_21_16_09_152.jpg,/Users/yanlu/Desktop/data/IMG/left_2021_01_30_21_16_09_152.jpg,/Users/yanlu/Desktop/data/IMG/right_2021_01_30_21_16_09_152.jpg,0,1,0,30.1906
/Users/yanlu/Desktop/data/IMG/center_2021_01_30_21_16_09_221.jpg,/Users/yanlu/Desktop/data/IMG/left_2021_01_30_21_16_09_221.jpg,/Users/yanlu/Desktop/data/IMG/right_2021_01_30_21_16_09_221.jpg,0,1,0,30.19063
/Users/yanlu/Desktop/data/IMG/center_2021_01_30_21_16_09_293.jpg,/Users/yanlu/Desktop/data/IMG/left_2021_01_30_21_16_09_293.jpg,/Users/yanlu/Desktop/data/IMG/right_2021_01_30_21_16_09_293.jpg,0,1,0,30.1907
/Users/yanlu/Desktop/data/IMG/center_2021_01_30_21_16_09_361.jpg,/Users/yanlu/Desktop/data/IMG/left_2021_01_30_21_16_09_361.jpg,/Users/yanlu/Desktop/data/IMG/right_2021_01_30_21_16_09_361.jpg,0,1,0,30.19065
/Users/yanlu/Desktop/data/IMG/center_2021_01_30_21_16_09_435.jpg,/Users/yanlu/Desktop/data/IMG/left_2021_01_30_21_16_09_435.jpg,/Users/yanlu/Desktop/data/IMG/right_2021_01_30_21_16_09_435.jpg,0,1,0,30.19069
/Users/yanlu/Desktop/data/IMG/center_2021_01_30_21_16_09_570.jpg,/Users/yanlu/Desktop/data/IMG/left_2021_01_30_21_16_09_570.jpg,/Users/yanlu/Desktop/data/IMG/right_2021_01_30_21_16_09_570.jpg,0,1,0,30.19074
/Users/yanlu/Desktop/data/IMG/center_2021_01_30_21_16_09_639.jpg,/Users/yanlu/Desktop/data/IMG/left_2021_01_30_21_16_09_639.jpg,/Users/yanlu/Desktop/data/IMG/right_2021_01_30_21_16_09_639.jpg,0,1,0,30.1907
/Users/yanlu/Desktop/data/IMG/center_2021_01_30_21_16_09_709.jpg,/Users/yanlu/Desktop/data/IMG/left_2021_01_30_21_16_09_709.jpg,/Users/yanlu/Desktop/data/IMG/right_2021_01_30_21_16_09_709.jpg,-0.1,1,0,30.18792
/Users/yanlu/Desktop/data/IMG/center_2021_01_30_21_16_09_780.jpg,/Users/yanlu/Desktop/data/IMG/left_2021_01_30_21_16_09_780.jpg,/Users/yanlu/Desktop/data/IMG/right_2021_01_30_21_16_09_780.jpg,-0.3,1,0,30.1698
/Users/yanlu/Desktop/data/IMG/center_2021_01_30_21_16_09_853.jpg,/Users/yanlu/Desktop/data/IMG/left_2021_01_30_21_16_09_853.jpg,/Users/yanlu/Desktop/data/IMG/right_2021_01_30_21_16_09_853.jpg,-0.45,1,0,30.1515
/Users/yanlu/Desktop/data/IMG/center_2021_01_30_21_16_09_940.jpg,/Users/yanlu/Desktop/data/IMG/left_2021_01_30_21_16_09_940.jpg,/Users/yanlu/Desktop/data/IMG/right_2021_01_30_21_16_09_940.jpg,0,1,0,30.18521
/Users/yanlu/Desktop/data/IMG/center_2021_01_30_21_16_10_009.jpg,/Users/yanlu/Desktop/data/IMG/left_2021_01_30_21_16_10_009.jpg,/Users/yanlu/Desktop/data/IMG/right_2021_01_30_21_16_10_009.jpg,0,1,0,30.19002
/Users/yanlu/Desktop/data/IMG/center_2021_01_30_21_16_10_087.jpg,/Users/yanlu/Desktop/data/IMG/left_2021_01_30_21_16_10_087.jpg,/Users/yanlu/Desktop/data/IMG/right_2021_01_30_21_16_10_087.jpg,-0.15,1,0,30.18749
/Users/yanlu/Desktop/data/IMG/center_2021_01_30_21_16_10_157.jpg,/Users/yanlu/Desktop/data/IMG/left_2021_01_30_21_16_10_157.jpg,/Users/yanlu/Desktop/data/IMG/right_2021_01_30_21_16_10_157.jpg,-0.3,1,0,30.17187
/Users/yanlu/Desktop/data/IMG/center_2021_01_30_21_16_10_230.jpg,/Users/yanlu/Desktop/data/IMG/left_2021_01_30_21_16_10_230.jpg,/Users/yanlu/Desktop/data/IMG/right_2021_01_30_21_16_10_230.jpg,-0.5000001,1,0,30.14768
/Users/yanlu/Desktop/data/IMG/center_2021_01_30_21_16_10_306.jpg,/Users/yanlu/Desktop/data/IMG/left_2021_01_30_21_16_10_306.jpg,/Users/yanlu/Desktop/data/IMG/right_2021_01_30_21_16_10_306.jpg,-0.7,1,0,30.1226
/Users/yanlu/Desktop/data/IMG/center_2021_01_30_21_16_10_380.jpg,/Users/yanlu/Desktop/data/IMG/left_2021_01_30_21_16_10_380.jpg,/Users/yanlu/Desktop/data/IMG/right_2021_01_30_21_16_10_380.jpg,-0.9000002,1,0,30.10135
/Users/yanlu/Desktop/data/IMG/center_2021_01_30_21_16_10_453.jpg,/Users/yanlu/Desktop/data/IMG/left_2021_01_30_21_16_10_453.jpg,/Users/yanlu/Desktop/data/IMG/right_2021_01_30_21_16_10_453.jpg,0,1,0,30.16265
/Users/yanlu/Desktop/data/IMG/center_2021_01_30_21_16_10_527.jpg,/Users/yanlu/Desktop/data/IMG/left_2021_01_30_21_16_10_527.jpg,/Users/yanlu/Desktop/data/IMG/right_2021_01_30_21_16_10_527.jpg,0,1,0,30.18156
/Users/yanlu/Desktop/data/IMG/center_2021_01_30_21_16_10_596.jpg,/Users/yanlu/Desktop/data/IMG/left_2021_01_30_21_16_10_596.jpg,/Users/yanlu/Desktop/data/IMG/right_2021_01_30_21_16_10_596.jpg,0,1,0,30.18714
/Users/yanlu/Desktop/data/IMG/center_2021_01_30_21_16_10_664.jpg,/Users/yanlu/Desktop/data/IMG/left_2021_01_30_21_16_10_664.jpg,/Users/yanlu/Desktop/data/IMG/right_2021_01_30_21_16_10_664.jpg,0,1,0,30.18762
/Users/yanlu/Desktop/data/IMG/center_2021_01_30_21_16_10_734.jpg,/Users/yanlu/Desktop/data/IMG/left_2021_01_30_21_16_10_734.jpg,/Users/yanlu/Desktop/data/IMG/right_2021_01_30_21_16_10_734.jpg,0,1,0,30.18834
/Users/yanlu/Desktop/data/IMG/center_2021_01_30_21_16_10_811.jpg,/Users/yanlu/Desktop/data/IMG/left_2021_01_30_21_16_10_811.jpg,/Users/yanlu/Desktop/data/IMG/right_2021_01_30_21_16_10_811.jpg,0,1,0,30.18968
/Users/yanlu/Desktop/data/IMG/center_2021_01_30_21_16_10_886.jpg,/Users/yanlu/Desktop/data/IMG/left_2021_01_30_21_16_10_886.jpg,/Users/yanlu/Desktop/data/IMG/right_2021_01_30_21_16_10_886.jpg,0,1,0,30.18919
/Users/yanlu/Desktop/data/IMG/center_2021_01_30_21_16_10_955.jpg,/Users/yanlu/Desktop/data/IMG/left_2021_01_30_21_16_10_955.jpg,/Users/yanlu/Desktop/data/IMG/right_2021_01_30_21_16_10_955.jpg,0,1,0,30.18941
/Users/yanlu/Desktop/data/IMG/center_2021_01_30_21_16_11_023.jpg,/Users/yanlu/Desktop/data/IMG/left_2021_01_30_21_16_11_023.jpg,/Users/yanlu/Desktop/data/IMG/right_2021_01_30_21_16_11_023.jpg,0,1,0,30.18993
/Users/yanlu/Desktop/data/IMG/center_2021_01_30_21_16_11_094.jpg,/Users/yanlu/Desktop/data/IMG/left_2021_01_30_21_16_11_094.jpg,/Users/yanlu/Desktop/data/IMG/right_2021_01_30_21_16_11_094.jpg,0,1,0,30.18982
/Users/yanlu/Desktop/data/IMG/center_2021_01_30_21_16_11_165.jpg,/Users/yanlu/Desktop/data/IMG/left_2021_01_30_21_16_11_165.jpg,/Users/yanlu/Desktop/data/IMG/right_2021_01_30_21_16_11_165.jpg,0,1,0,30.18833
/Users/yanlu/Desktop/data/IMG/center_2021_01_30_21_16_11_239.jpg,/Users/yanlu/Desktop/data/IMG/left_2021_01_30_21_16_11_239.jpg,/Users/yanlu/Desktop/data/IMG/right_2021_01_30_21_16_11_239.jpg,0,1,0,30.18903
/Users/yanlu/Desktop/data/IMG/center_2021_01_30_21_16_11_312.jpg,/Users/yanlu/Desktop/data/IMG/left_2021_01_30_21_16_11_312.jpg,/Users/yanlu/Desktop/data/IMG/right_2021_01_30_21_16_11_312.jpg,0,1,0,30.18989
/Users/yanlu/Desktop/data/IMG/center_2021_01_30_21_16_11_380.jpg,/Users/yanlu/Desktop/data/IMG/left_2021_01_30_21_16_11_380.jpg,/Users/yanlu/Desktop/data/IMG/right_2021_01_30_21_16_11_380.jpg,0,1,0,30.18813
/Users/yanlu/Desktop/data/IMG/center_2021_01_30_21_16_11_464.jpg,/Users/yanlu/Desktop/data/IMG/left_2021_01_30_21_16_11_464.jpg,/Users/yanlu/Desktop/data/IMG/right_2021_01_30_21_16_11_464.jpg,0,1,0,30.18872
/Users/yanlu/Desktop/data/IMG/center_2021_01_30_21_16_11_538.jpg,/Users/yanlu/Desktop/data/IMG/left_2021_01_30_21_16_11_538.jpg,/Users/yanlu/Desktop/data/IMG/right_2021_01_30_21_16_11_538.jpg,0.1,1,0,30.18616
/Users/yanlu/Desktop/data/IMG/center_2021_01_30_21_16_11_607.jpg,/Users/yanlu/Desktop/data/IMG/left_2021_01_30_21_16_11_607.jpg,/Users/yanlu/Desktop/data/IMG/right_2021_01_30_21_16_11_607.jpg,0.3,1,0,30.15188
/Users/yanlu/Desktop/data/IMG/center_2021_01_30_21_16_11_680.jpg,/Users/yanlu/Desktop/data/IMG/left_2021_01_30_21_16_11_680.jpg,/Users/yanlu/Desktop/data/IMG/right_2021_01_30_21_16_11_680.jpg,0,1,0,30.15803
/Users/yanlu/Desktop/data/IMG/center_2021_01_30_21_16_11_751.jpg,/Users/yanlu/Desktop/data/IMG/left_2021_01_30_21_16_11_751.jpg,/Users/yanlu/Desktop/data/IMG/right_2021_01_30_21_16_11_751.jpg,0,1,0,30.19938
/Users/yanlu/Desktop/data/IMG/center_2021_01_30_21_16_11_820.jpg,/Users/yanlu/Desktop/data/IMG/left_2021_01_30_21_16_11_820.jpg,/Users/yanlu/Desktop/data/IMG/right_2021_01_30_21_16_11_820.jpg,0,1,0,30.20378
/Users/yanlu/Desktop/data/IMG/center_2021_01_30_21_16_11_891.jpg,/Users/yanlu/Desktop/data/IMG/left_2021_01_30_21_16_11_891.jpg,/Users/yanlu/Desktop/data/IMG/right_2021_01_30_21_16_11_891.jpg,0,1,0,30.16875
/Users/yanlu/Desktop/data/IMG/center_2021_01_30_21_16_11_961.jpg,/Users/yanlu/Desktop/data/IMG/left_2021_01_30_21_16_11_961.jpg,/Users/yanlu/Desktop/data/IMG/right_2021_01_30_21_16_11_961.jpg,0,1,0,30.18767
/Users/yanlu/Desktop/data/IMG/center_2021_01_30_21_16_12_053.jpg,/Users/yanlu/Desktop/data/IMG/left_2021_01_30_21_16_12_053.jpg,/Users/yanlu/Desktop/data/IMG/right_2021_01_30_21_16_12_053.jpg,0.2,1,0,30.18248
/Users/yanlu/Desktop/data/IMG/center_2021_01_30_21_16_12_126.jpg,/Users/yanlu/Desktop/data/IMG/left_2021_01_30_21_16_12_126.jpg,/Users/yanlu/Desktop/data/IMG/right_2021_01_30_21_16_12_126.jpg,0.4,1,0,30.1617
/Users/yanlu/Desktop/data/IMG/center_2021_01_30_21_16_12_218.jpg,/Users/yanlu/Desktop/data/IMG/left_2021_01_30_21_16_12_218.jpg,/Users/yanlu/Desktop/data/IMG/right_2021_01_30_21_16_12_218.jpg,0.6000001,1,0,30.1357
/Users/yanlu/Desktop/data/IMG/center_2021_01_30_21_16_12_291.jpg,/Users/yanlu/Desktop/data/IMG/left_2021_01_30_21_16_12_291.jpg,/Users/yanlu/Desktop/data/IMG/right_2021_01_30_21_16_12_291.jpg,0,1,0,30.19171
/Users/yanlu/Desktop/data/IMG/center_2021_01_30_21_16_12_361.jpg,/Users/yanlu/Desktop/data/IMG/left_2021_01_30_21_16_12_361.jpg,/Users/yanlu/Desktop/data/IMG/right_2021_01_30_21_16_12_361.jpg,0,1,0,30.19082
/Users/yanlu/Desktop/data/IMG/center_2021_01_30_21_16_12_450.jpg,/Users/yanlu/Desktop/data/IMG/left_2021_01_30_21_16_12_450.jpg,/Users/yanlu/Desktop/data/IMG/right_2021_01_30_21_16_12_450.jpg,0,1,0,30.1912
/Users/yanlu/Desktop/data/IMG/center_2021_01_30_21_16_12_524.jpg,/Users/yanlu/Desktop/data/IMG/left_2021_01_30_21_16_12_524.jpg,/Users/yanlu/Desktop/data/IMG/right_2021_01_30_21_16_12_524.jpg,0,1,0,30.19021
/Users/yanlu/Desktop/data/IMG/center_2021_01_30_21_16_12_618.jpg,/Users/yanlu/Desktop/data/IMG/left_2021_01_30_21_16_12_618.jpg,/Users/yanlu/Desktop/data/IMG/right_2021_01_30_21_16_12_618.jpg,0,1,0,30.19101
/Users/yanlu/Desktop/data/IMG/center_2021_01_30_21_16_12_691.jpg,/Users/yanlu/Desktop/data/IMG/left_2021_01_30_21_16_12_691.jpg,/Users/yanlu/Desktop/data/IMG/right_2021_01_30_21_16_12_691.jpg,-0.2,1,0,30.18052
/Users/yanlu/Desktop/data/IMG/center_2021_01_30_21_16_12_785.jpg,/Users/yanlu/Desktop/data/IMG/left_2021_01_30_21_16_12_785.jpg,/Users/yanlu/Desktop/data/IMG/right_2021_01_30_21_16_12_785.jpg,-0.45,1,0,30.14956
/Users/yanlu/Desktop/data/IMG/center_2021_01_30_21_16_12_857.jpg,/Users/yanlu/Desktop/data/IMG/left_2021_01_30_21_16_12_857.jpg,/Users/yanlu/Desktop/data/IMG/right_2021_01_30_21_16_12_857.jpg,-0.6000001,1,0,30.13243
/Users/yanlu/Desktop/data/IMG/center_2021_01_30_21_16_12_950.jpg,/Users/yanlu/Desktop/data/IMG/left_2021_01_30_21_16_12_950.jpg,/Users/yanlu/Desktop/data/IMG/right_2021_01_30_21_16_12_950.jpg,0,1,0,30.17953
/Users/yanlu/Desktop/data/IMG/center_2021_01_30_21_16_13_017.jpg,/Users/yanlu/Desktop/data/IMG/left_2021_01_30_21_16_13_017.jpg,/Users/yanlu/Desktop/data/IMG/right_2021_01_30_21_16_13_017.jpg,0,1,0,30.18479
/Users/yanlu/Desktop/data/IMG/center_2021_01_30_21_16_13_090.jpg,/Users/yanlu/Desktop/data/IMG/left_2021_01_30_21_16_13_090.jpg,/Users/yanlu/Desktop/data/IMG/right_2021_01_30_21_16_13_090.jpg,0,1,0,30.18934
/Users/yanlu/Desktop/data/IMG/center_2021_01_30_21_16_13_157.jpg,/Users/yanlu/Desktop/data/IMG/left_2021_01_30_21_16_13_157.jpg,/Users/yanlu/Desktop/data/IMG/right_2021_01_30_21_16_13_157.jpg,-0.15,1,0,30.18768
/Users/yanlu/Desktop/data/IMG/center_2021_01_30_21_16_13_250.jpg,/Users/yanlu/Desktop/data/IMG/left_2021_01_30_21_16_13_250.jpg,/Users/yanlu/Desktop/data/IMG/right_2021_01_30_21_16_13_250.jpg,-0.4,1,0,30.16116
/Users/yanlu/Desktop/data/IMG/center_2021_01_30_21_16_13_319.jpg,/Users/yanlu/Desktop/data/IMG/left_2021_01_30_21_16_13_319.jpg,/Users/yanlu/Desktop/data/IMG/right_2021_01_30_21_16_13_319.jpg,0,1,0,30.18504
/Users/yanlu/Desktop/data/IMG/center_2021_01_30_21_16_13_391.jpg,/Users/yanlu/Desktop/data/IMG/left_2021_01_30_21_16_13_391.jpg,/Users/yanlu/Desktop/data/IMG/right_2021_01_30_21_16_13_391.jpg,0,1,0,30.18843
/Users/yanlu/Desktop/data/IMG/center_2021_01_30_21_16_13_484.jpg,/Users/yanlu/Desktop/data/IMG/left_2021_01_30_21_16_13_484.jpg,/Users/yanlu/Desktop/data/IMG/right_2021_01_30_21_16_13_484.jpg,-0.25,1,0,30.18101
/Users/yanlu/Desktop/data/IMG/center_2021_01_30_21_16_13_559.jpg,/Users/yanlu/Desktop/data/IMG/left_2021_01_30_21_16_13_559.jpg,/Users/yanlu/Desktop/data/IMG/right_2021_01_30_21_16_13_559.jpg,-0.45,1,0,30.15643
/Users/yanlu/Desktop/data/IMG/center_2021_01_30_21_16_13_651.jpg,/Users/yanlu/Desktop/data/IMG/left_2021_01_30_21_16_13_651.jpg,/Users/yanlu/Desktop/data/IMG/right_2021_01_30_21_16_13_651.jpg,0,1,0,30.1881
/Users/yanlu/Desktop/data/IMG/center_2021_01_30_21_16_13_724.jpg,/Users/yanlu/Desktop/data/IMG/left_2021_01_30_21_16_13_724.jpg,/Users/yanlu/Desktop/data/IMG/right_2021_01_30_21_16_13_724.jpg,0,1,0,30.18993
/Users/yanlu/Desktop/data/IMG/center_2021_01_30_21_16_13_790.jpg,/Users/yanlu/Desktop/data/IMG/left_2021_01_30_21_16_13_790.jpg,/Users/yanlu/Desktop/data/IMG/right_2021_01_30_21_16_13_790.jpg,0,1,0,30.19028
/Users/yanlu/Desktop/data/IMG/center_2021_01_30_21_16_13_857.jpg,/Users/yanlu/Desktop/data/IMG/left_2021_01_30_21_16_13_857.jpg,/Users/yanlu/Desktop/data/IMG/right_2021_01_30_21_16_13_857.jpg,0,1,0,30.1903
/Users/yanlu/Desktop/data/IMG/center_2021_01_30_21_16_13_926.jpg,/Users/yanlu/Desktop/data/IMG/left_2021_01_30_21_16_13_926.jpg,/Users/yanlu/Desktop/data/IMG/right_2021_01_30_21_16_13_926.jpg,0,1,0,30.1903
/Users/yanlu/Desktop/data/IMG/center_2021_01_30_21_16_14_018.jpg,/Users/yanlu/Desktop/data/IMG/left_2021_01_30_21_16_14_018.jpg,/Users/yanlu/Desktop/data/IMG/right_2021_01_30_21_16_14_018.jpg,-0.2,1,0,30.18038
/Users/yanlu/Desktop/data/IMG/center_2021_01_30_21_16_14_090.jpg,/Users/yanlu/Desktop/data/IMG/left_2021_01_30_21_16_14_090.jpg,/Users/yanlu/Desktop/data/IMG/right_2021_01_30_21_16_14_090.jpg,-0.4,1,0,30.15789
/Users/yanlu/Desktop/data/IMG/center_2021_01_30_21_16_14_182.jpg,/Users/yanlu/Desktop/data/IMG/left_2021_01_30_21_16_14_182.jpg,/Users/yanlu/Desktop/data/IMG/right_2021_01_30_21_16_14_182.jpg,0,1,0,30.18932
/Users/yanlu/Desktop/data/IMG/center_2021_01_30_21_16_14_249.jpg,/Users/yanlu/Desktop/data/IMG/left_2021_01_30_21_16_14_249.jpg,/Users/yanlu/Desktop/data/IMG/right_2021_01_30_21_16_14_249.jpg,0,1,0,30.19002
/Users/yanlu/Desktop/data/IMG/center_2021_01_30_21_16_14_323.jpg,/Users/yanlu/Desktop/data/IMG/left_2021_01_30_21_16_14_323.jpg,/Users/yanlu/Desktop/data/IMG/right_2021_01_30_21_16_14_323.jpg,0,1,0,30.19024
/Users/yanlu/Desktop/data/IMG/center_2021_01_30_21_16_14_389.jpg,/Users/yanlu/Desktop/data/IMG/left_2021_01_30_21_16_14_389.jpg,/Users/yanlu/Desktop/data/IMG/right_2021_01_30_21_16_14_389.jpg,0,1,0,30.19029
/Users/yanlu/Desktop/data/IMG/center_2021_01_30_21_16_14_457.jpg,/Users/yanlu/Desktop/data/IMG/left_2021_01_30_21_16_14_457.jpg,/Users/yanlu/Desktop/data/IMG/right_2021_01_30_21_16_14_457.jpg,0,1,0,30.19029
/Users/yanlu/Desktop/data/IMG/center_2021_01_30_21_16_14_549.jpg,/Users/yanlu/Desktop/data/IMG/left_2021_01_30_21_16_14_549.jpg,/Users/yanlu/Desktop/data/IMG/right_2021_01_30_21_16_14_549.jpg,0,1,0,30.1903
/Users/yanlu/Desktop/data/IMG/center_2021_01_30_21_16_14_618.jpg,/Users/yanlu/Desktop/data/IMG/left_2021_01_30_21_16_14_618.jpg,/Users/yanlu/Desktop/data/IMG/right_2021_01_30_21_16_14_618.jpg,0,1,0,30.19031
/Users/yanlu/Desktop/data/IMG/center_2021_01_30_21_16_14_689.jpg,/Users/yanlu/Desktop/data/IMG/left_2021_01_30_21_16_14_689.jpg,/Users/yanlu/Desktop/data/IMG/right_2021_01_30_21_16_14_689.jpg,0,1,0,30.19032
/Users/yanlu/Desktop/data/IMG/center_2021_01_30_21_16_14_757.jpg,/Users/yanlu/Desktop/data/IMG/left_2021_01_30_21_16_14_757.jpg,/Users/yanlu/Desktop/data/IMG/right_2021_01_30_21_16_14_757.jpg,0,1,0,30.19029
/Users/yanlu/Desktop/data/IMG/center_2021_01_30_21_16_14_849.jpg,/Users/yanlu/Desktop/data/IMG/left_2021_01_30_21_16_14_849.jpg,/Users/yanlu/Desktop/data/IMG/right_2021_01_30_21_16_14_849.jpg,0,1,0,30.19044
/Users/yanlu/Desktop/data/IMG/center_2021_01_30_21_16_14_923.jpg,/Users/yanlu/Desktop/data/IMG/left_2021_01_30_21_16_14_923.jpg,/Users/yanlu/Desktop/data/IMG/right_2021_01_30_21_16_14_923.jpg,0,1,0,30.19032
/Users/yanlu/Desktop/data/IMG/center_2021_01_30_21_16_14_990.jpg,/Users/yanlu/Desktop/data/IMG/left_2021_01_30_21_16_14_990.jpg,/Users/yanlu/Desktop/data/IMG/right_2021_01_30_21_16_14_990.jpg,0,1,0,30.19029
/Users/yanlu/Desktop/data/IMG/center_2021_01_30_21_16_15_114.jpg,/Users/yanlu/Desktop/data/IMG/left_2021_01_30_21_16_15_114.jpg,/Users/yanlu/Desktop/data/IMG/right_2021_01_30_21_16_15_114.jpg,0,1,0,30.19054
/Users/yanlu/Desktop/data/IMG/center_2021_01_30_21_16_23_789.jpg,/Users/yanlu/Desktop/data/IMG/left_2021_01_30_21_16_23_789.jpg,/Users/yanlu/Desktop/data/IMG/right_2021_01_30_21_16_23_789.jpg,0,1,0,30.18222
/Users/yanlu/Desktop/data/IMG/center_2021_01_30_21_16_23_883.jpg,/Users/yanlu/Desktop/data/IMG/left_2021_01_30_21_16_23_883.jpg,/Users/yanlu/Desktop/data/IMG/right_2021_01_30_21_16_23_883.jpg,0,1,0,30.19294
/Users/yanlu/Desktop/data/IMG/center_2021_01_30_21_16_23_950.jpg,/Users/yanlu/Desktop/data/IMG/left_2021_01_30_21_16_23_950.jpg,/Users/yanlu/Desktop/data/IMG/right_2021_01_30_21_16_23_950.jpg,0,1,0,30.19118
/Users/yanlu/Desktop/data/IMG/center_2021_01_30_21_16_24_022.jpg,/Users/yanlu/Desktop/data/IMG/left_2021_01_30_21_16_24_022.jpg,/Users/yanlu/Desktop/data/IMG/right_2021_01_30_21_16_24_022.jpg,0,1,0,30.19914
/Users/yanlu/Desktop/data/IMG/center_2021_01_30_21_16_24_089.jpg,/Users/yanlu/Desktop/data/IMG/left_2021_01_30_21_16_24_089.jpg,/Users/yanlu/Desktop/data/IMG/right_2021_01_30_21_16_24_089.jpg,0,1,0,30.19209
/Users/yanlu/Desktop/data/IMG/center_2021_01_30_21_16_24_156.jpg,/Users/yanlu/Desktop/data/IMG/left_2021_01_30_21_16_24_156.jpg,/Users/yanlu/Desktop/data/IMG/right_2021_01_30_21_16_24_156.jpg,0,1,0,30.18768
/Users/yanlu/Desktop/data/IMG/center_2021_01_30_21_16_24_248.jpg,/Users/yanlu/Desktop/data/IMG/left_2021_01_30_21_16_24_248.jpg,/Users/yanlu/Desktop/data/IMG/right_2021_01_30_21_16_24_248.jpg,0,1,0,30.19
/Users/yanlu/Desktop/data/IMG/center_2021_01_30_21_16_24_315.jpg,/Users/yanlu/Desktop/data/IMG/left_2021_01_30_21_16_24_315.jpg,/Users/yanlu/Desktop/data/IMG/right_2021_01_30_21_16_24_315.jpg,0,1,0,30.19031
/Users/yanlu/Desktop/data/IMG/center_2021_01_30_21_16_24_382.jpg,/Users/yanlu/Desktop/data/IMG/left_2021_01_30_21_16_24_382.jpg,/Users/yanlu/Desktop/data/IMG/right_2021_01_30_21_16_24_382.jpg,0,1,0,30.19041
/Users/yanlu/Desktop/data/IMG/center_2021_01_30_21_16_24_454.jpg,/Users/yanlu/Desktop/data/IMG/left_2021_01_30_21_16_24_454.jpg,/Users/yanlu/Desktop/data/IMG/right_2021_01_30_21_16_24_454.jpg,0,1,0,30.19038
/Users/yanlu/Desktop/data/IMG/center_2021_01_30_21_16_24_523.jpg,/Users/yanlu/Desktop/data/IMG/left_2021_01_30_21_16_24_523.jpg,/Users/yanlu/Desktop/data/IMG/right_2021_01_30_21_16_24_523.jpg,0,1,0,30.19036
/Users/yanlu/Desktop/data/IMG/center_2021_01_30_21_16_24_615.jpg,/Users/yanlu/Desktop/data/IMG/left_2021_01_30_21_16_24_615.jpg,/Users/yanlu/Desktop/data/IMG/right_2021_01_30_21_16_24_615.jpg,0,1,0,30.19037
/Users/yanlu/Desktop/data/IMG/center_2021_01_30_21_16_24_687.jpg,/Users/yanlu/Desktop/data/IMG/left_2021_01_30_21_16_24_687.jpg,/Users/yanlu/Desktop/data/IMG/right_2021_01_30_21_16_24_687.jpg,0.1,1,0,30.18839
/Users/yanlu/Desktop/data/IMG/center_2021_01_30_21_16_24_755.jpg,/Users/yanlu/Desktop/data/IMG/left_2021_01_30_21_16_24_755.jpg,/Users/yanlu/Desktop/data/IMG/right_2021_01_30_21_16_24_755.jpg,0.25,1,0,30.17627
/Users/yanlu/Desktop/data/IMG/center_2021_01_30_21_16_24_848.jpg,/Users/yanlu/Desktop/data/IMG/left_2021_01_30_21_16_24_848.jpg,/Users/yanlu/Desktop/data/IMG/right_2021_01_30_21_16_24_848.jpg,0.5000001,1,0,30.14842
/Users/yanlu/Desktop/data/IMG/center_2021_01_30_21_16_24_918.jpg,/Users/yanlu/Desktop/data/IMG/left_2021_01_30_21_16_24_918.jpg,/Users/yanlu/Desktop/data/IMG/right_2021_01_30_21_16_24_918.jpg,0,1,0,30.18096
/Users/yanlu/Desktop/data/IMG/center_2021_01_30_21_16_24_993.jpg,/Users/yanlu/Desktop/data/IMG/left_2021_01_30_21_16_24_993.jpg,/Users/yanlu/Desktop/data/IMG/right_2021_01_30_21_16_24_993.jpg,0,1,0,30.18818
/Users/yanlu/Desktop/data/IMG/center_2021_01_30_21_16_25_082.jpg,/Users/yanlu/Desktop/data/IMG/left_2021_01_30_21_16_25_082.jpg,/Users/yanlu/Desktop/data/IMG/right_2021_01_30_21_16_25_082.jpg,0,1,0,30.19762
/Users/yanlu/Desktop/data/IMG/center_2021_01_30_21_16_25_149.jpg,/Users/yanlu/Desktop/data/IMG/left_2021_01_30_21_16_25_149.jpg,/Users/yanlu/Desktop/data/IMG/right_2021_01_30_21_16_25_149.jpg,0,1,0,30.19097
/Users/yanlu/Desktop/data/IMG/center_2021_01_30_21_16_25_218.jpg,/Users/yanlu/Desktop/data/IMG/left_2021_01_30_21_16_25_218.jpg,/Users/yanlu/Desktop/data/IMG/right_2021_01_30_21_16_25_218.jpg,0,1,0,30.19081
/Users/yanlu/Desktop/data/IMG/center_2021_01_30_21_16_25_289.jpg,/Users/yanlu/Desktop/data/IMG/left_2021_01_30_21_16_25_289.jpg,/Users/yanlu/Desktop/data/IMG/right_2021_01_30_21_16_25_289.jpg,0,1,0,30.19533
/Users/yanlu/Desktop/data/IMG/center_2021_01_30_21_16_25_382.jpg,/Users/yanlu/Desktop/data/IMG/left_2021_01_30_21_16_25_382.jpg,/Users/yanlu/Desktop/data/IMG/right_2021_01_30_21_16_25_382.jpg,0,1,0,30.1907
/Users/yanlu/Desktop/data/IMG/center_2021_01_30_21_16_25_450.jpg,/Users/yanlu/Desktop/data/IMG/left_2021_01_30_21_16_25_450.jpg,/Users/yanlu/Desktop/data/IMG/right_2021_01_30_21_16_25_450.jpg,-0.15,1,0,30.18455
/Users/yanlu/Desktop/data/IMG/center_2021_01_30_21_16_25_525.jpg,/Users/yanlu/Desktop/data/IMG/left_2021_01_30_21_16_25_525.jpg,/Users/yanlu/Desktop/data/IMG/right_2021_01_30_21_16_25_525.jpg,-0.35,1,0,30.16363
/Users/yanlu/Desktop/data/IMG/center_2021_01_30_21_16_25_615.jpg,/Users/yanlu/Desktop/data/IMG/left_2021_01_30_21_16_25_615.jpg,/Users/yanlu/Desktop/data/IMG/right_2021_01_30_21_16_25_615.jpg,0,1,0,30.17748
/Users/yanlu/Desktop/data/IMG/center_2021_01_30_21_16_25_687.jpg,/Users/yanlu/Desktop/data/IMG/left_2021_01_30_21_16_25_687.jpg,/Users/yanlu/Desktop/data/IMG/right_2021_01_30_21_16_25_687.jpg,0,1,0,30.189
/Users/yanlu/Desktop/data/IMG/center_2021_01_30_21_16_25_782.jpg,/Users/yanlu/Desktop/data/IMG/left_2021_01_30_21_16_25_782.jpg,/Users/yanlu/Desktop/data/IMG/right_2021_01_30_21_16_25_782.jpg,0,1,0,30.18997
/Users/yanlu/Desktop/data/IMG/center_2021_01_30_21_16_25_850.jpg,/Users/yanlu/Desktop/data/IMG/left_2021_01_30_21_16_25_850.jpg,/Users/yanlu/Desktop/data/IMG/right_2021_01_30_21_16_25_850.jpg,-0.1,1,0,30.18922
/Users/yanlu/Desktop/data/IMG/center_2021_01_30_21_16_25_921.jpg,/Users/yanlu/Desktop/data/IMG/left_2021_01_30_21_16_25_921.jpg,/Users/yanlu/Desktop/data/IMG/right_2021_01_30_21_16_25_921.jpg,-0.3,1,0,30.17252
/Users/yanlu/Desktop/data/IMG/center_2021_01_30_21_16_25_988.jpg,/Users/yanlu/Desktop/data/IMG/left_2021_01_30_21_16_25_988.jpg,/Users/yanlu/Desktop/data/IMG/right_2021_01_30_21_16_25_988.jpg,-0.45,1,0,30.15259
/Users/yanlu/Desktop/data/IMG/center_2021_01_30_21_16_26_056.jpg,/Users/yanlu/Desktop/data/IMG/left_2021_01_30_21_16_26_056.jpg,/Users/yanlu/Desktop/data/IMG/right_2021_01_30_21_16_26_056.jpg,0,1,0,30.18662
/Users/yanlu/Desktop/data/IMG/center_2021_01_30_21_16_26_151.jpg,/Users/yanlu/Desktop/data/IMG/left_2021_01_30_21_16_26_151.jpg,/Users/yanlu/Desktop/data/IMG/right_2021_01_30_21_16_26_151.jpg,0,1,0,30.18992
/Users/yanlu/Desktop/data/IMG/center_2021_01_30_21_16_26_221.jpg,/Users/yanlu/Desktop/data/IMG/left_2021_01_30_21_16_26_221.jpg,/Users/yanlu/Desktop/data/IMG/right_2021_01_30_21_16_26_221.jpg,0,1,0,30.19024
/Users/yanlu/Desktop/data/IMG/center_2021_01_30_21_16_26_288.jpg,/Users/yanlu/Desktop/data/IMG/left_2021_01_30_21_16_26_288.jpg,/Users/yanlu/Desktop/data/IMG/right_2021_01_30_21_16_26_288.jpg,0,1,0,30.19028
/Users/yanlu/Desktop/data/IMG/center_2021_01_30_21_16_26_358.jpg,/Users/yanlu/Desktop/data/IMG/left_2021_01_30_21_16_26_358.jpg,/Users/yanlu/Desktop/data/IMG/right_2021_01_30_21_16_26_358.jpg,0,1,0,30.19031
/Users/yanlu/Desktop/data/IMG/center_2021_01_30_21_16_26_450.jpg,/Users/yanlu/Desktop/data/IMG/left_2021_01_30_21_16_26_450.jpg,/Users/yanlu/Desktop/data/IMG/right_2021_01_30_21_16_26_450.jpg,0,1,0,30.1903
/Users/yanlu/Desktop/data/IMG/center_2021_01_30_21_16_26_520.jpg,/Users/yanlu/Desktop/data/IMG/left_2021_01_30_21_16_26_520.jpg,/Users/yanlu/Desktop/data/IMG/right_2021_01_30_21_16_26_520.jpg,0,1,0,30.19029
/Users/yanlu/Desktop/data/IMG/center_2021_01_30_21_16_26_590.jpg,/Users/yanlu/Desktop/data/IMG/left_2021_01_30_21_16_26_590.jpg,/Users/yanlu/Desktop/data/IMG/right_2021_01_30_21_16_26_590.jpg,0,1,0,30.1903
/Users/yanlu/Desktop/data/IMG/center_2021_01_30_21_16_26_662.jpg,/Users/yanlu/Desktop/data/IMG/left_2021_01_30_21_16_26_662.jpg,/Users/yanlu/Desktop/data/IMG/right_2021_01_30_21_16_26_662.jpg,0,1,0,30.19029
/Users/yanlu/Desktop/data/IMG/center_2021_01_30_21_16_26_753.jpg,/Users/yanlu/Desktop/data/IMG/left_2021_01_30_21_16_26_753.jpg,/Users/yanlu/Desktop/data/IMG/right_2021_01_30_21_16_26_753.jpg,-0.15,1,0,30.18419
/Users/yanlu/Desktop/data/IMG/center_2021_01_30_21_16_26_822.jpg,/Users/yanlu/Desktop/data/IMG/left_2021_01_30_21_16_26_822.jpg,/Users/yanlu/Desktop/data/IMG/right_2021_01_30_21_16_26_822.jpg,-0.35,1,0,30.16344
/Users/yanlu/Desktop/data/IMG/center_2021_01_30_21_16_26_889.jpg,/Users/yanlu/Desktop/data/IMG/left_2021_01_30_21_16_26_889.jpg,/Users/yanlu/Desktop/data/IMG/right_2021_01_30_21_16_26_889.jpg,0,1,0,30.18911
/Users/yanlu/Desktop/data/IMG/center_2021_01_30_21_16_26_962.jpg,/Users/yanlu/Desktop/data/IMG/left_2021_01_30_21_16_26_962.jpg,/Users/yanlu/Desktop/data/IMG/right_2021_01_30_21_16_26_962.jpg,0,1,0,30.18964
/Users/yanlu/Desktop/data/IMG/center_2021_01_30_21_16_27_052.jpg,/Users/yanlu/Desktop/data/IMG/left_2021_01_30_21_16_27_052.jpg,/Users/yanlu/Desktop/data/IMG/right_2021_01_30_21_16_27_052.jpg,0,1,0,30.19016
/Users/yanlu/Desktop/data/IMG/center_2021_01_30_21_16_27_122.jpg,/Users/yanlu/Desktop/data/IMG/left_2021_01_30_21_16_27_122.jpg,/Users/yanlu/Desktop/data/IMG/right_2021_01_30_21_16_27_122.jpg,0,1,0,30.19027
/Users/yanlu/Desktop/data/IMG/center_2021_01_30_21_16_27_188.jpg,/Users/yanlu/Desktop/data/IMG/left_2021_01_30_21_16_27_188.jpg,/Users/yanlu/Desktop/data/IMG/right_2021_01_30_21_16_27_188.jpg,0,1,0,30.1903
/Users/yanlu/Desktop/data/IMG/center_2021_01_30_21_16_27_256.jpg,/Users/yanlu/Desktop/data/IMG/left_2021_01_30_21_16_27_256.jpg,/Users/yanlu/Desktop/data/IMG/right_2021_01_30_21_16_27_256.jpg,0,1,0,30.19031
/Users/yanlu/Desktop/data/IMG/center_2021_01_30_21_16_27_324.jpg,/Users/yanlu/Desktop/data/IMG/left_2021_01_30_21_16_27_324.jpg,/Users/yanlu/Desktop/data/IMG/right_2021_01_30_21_16_27_324.jpg,0,1,0,30.19033
/Users/yanlu/Desktop/data/IMG/center_2021_01_30_21_16_27_416.jpg,/Users/yanlu/Desktop/data/IMG/left_2021_01_30_21_16_27_416.jpg,/Users/yanlu/Desktop/data/IMG/right_2021_01_30_21_16_27_416.jpg,0,1,0,30.19029
/Users/yanlu/Desktop/data/IMG/center_2021_01_30_21_16_27_483.jpg,/Users/yanlu/Desktop/data/IMG/left_2021_01_30_21_16_27_483.jpg,/Users/yanlu/Desktop/data/IMG/right_2021_01_30_21_16_27_483.jpg,0,1,0,30.1903
/Users/yanlu/Desktop/data/IMG/center_2021_01_30_21_16_27_550.jpg,/Users/yanlu/Desktop/data/IMG/left_2021_01_30_21_16_27_550.jpg,/Users/yanlu/Desktop/data/IMG/right_2021_01_30_21_16_27_550.jpg,0,1,0,30.19025
/Users/yanlu/Desktop/data/IMG/center_2021_01_30_21_16_27_622.jpg,/Users/yanlu/Desktop/data/IMG/left_2021_01_30_21_16_27_622.jpg,/Users/yanlu/Desktop/data/IMG/right_2021_01_30_21_16_27_622.jpg,0,1,0,30.19029
/Users/yanlu/Desktop/data/IMG/center_2021_01_30_21_16_27_742.jpg,/Users/yanlu/Desktop/data/IMG/left_2021_01_30_21_16_27_742.jpg,/Users/yanlu/Desktop/data/IMG/right_2021_01_30_21_16_27_742.jpg,0,1,0,30.19841
/Users/yanlu/Desktop/data/IMG/center_2021_01_30_21_16_38_281.jpg,/Users/yanlu/Desktop/data/IMG/left_2021_01_30_21_16_38_281.jpg,/Users/yanlu/Desktop/data/IMG/right_2021_01_30_21_16_38_281.jpg,0,1,0,30.19035
/Users/yanlu/Desktop/data/IMG/center_2021_01_30_21_16_38_352.jpg,/Users/yanlu/Desktop/data/IMG/left_2021_01_30_21_16_38_352.jpg,/Users/yanlu/Desktop/data/IMG/right_2021_01_30_21_16_38_352.jpg,0,1,0,30.19038
/Users/yanlu/Desktop/data/IMG/center_2021_01_30_21_16_38_420.jpg,/Users/yanlu/Desktop/data/IMG/left_2021_01_30_21_16_38_420.jpg,/Users/yanlu/Desktop/data/IMG/right_2021_01_30_21_16_38_420.jpg,0,1,0,30.1896
/Users/yanlu/Desktop/data/IMG/center_2021_01_30_21_16_38_487.jpg,/Users/yanlu/Desktop/data/IMG/left_2021_01_30_21_16_38_487.jpg,/Users/yanlu/Desktop/data/IMG/right_2021_01_30_21_16_38_487.jpg,0,1,0,30.18993
/Users/yanlu/Desktop/data/IMG/center_2021_01_30_21_16_38_557.jpg,/Users/yanlu/Desktop/data/IMG/left_2021_01_30_21_16_38_557.jpg,/Users/yanlu/Desktop/data/IMG/right_2021_01_30_21_16_38_557.jpg,0,1,0,30.19008
/Users/yanlu/Desktop/data/IMG/center_2021_01_30_21_16_38_637.jpg,/Users/yanlu/Desktop/data/IMG/left_2021_01_30_21_16_38_637.jpg,/Users/yanlu/Desktop/data/IMG/right_2021_01_30_21_16_38_637.jpg,0,1,0,30.18939
/Users/yanlu/Desktop/data/IMG/center_2021_01_30_21_16_38_711.jpg,/Users/yanlu/Desktop/data/IMG/left_2021_01_30_21_16_38_711.jpg,/Users/yanlu/Desktop/data/IMG/right_2021_01_30_21_16_38_711.jpg,0,1,0,30.18976
/Users/yanlu/Desktop/data/IMG/center_2021_01_30_21_16_38_783.jpg,/Users/yanlu/Desktop/data/IMG/left_2021_01_30_21_16_38_783.jpg,/Users/yanlu/Desktop/data/IMG/right_2021_01_30_21_16_38_783.jpg,0,1,0,30.18982
/Users/yanlu/Desktop/data/IMG/center_2021_01_30_21_16_38_854.jpg,/Users/yanlu/Desktop/data/IMG/left_2021_01_30_21_16_38_854.jpg,/Users/yanlu/Desktop/data/IMG/right_2021_01_30_21_16_38_854.jpg,0,1,0,30.18985
/Users/yanlu/Desktop/data/IMG/center_2021_01_30_21_16_38_924.jpg,/Users/yanlu/Desktop/data/IMG/left_2021_01_30_21_16_38_924.jpg,/Users/yanlu/Desktop/data/IMG/right_2021_01_30_21_16_38_924.jpg,0,1,0,30.18983
/Users/yanlu/Desktop/data/IMG/center_2021_01_30_21_16_39_002.jpg,/Users/yanlu/Desktop/data/IMG/left_2021_01_30_21_16_39_002.jpg,/Users/yanlu/Desktop/data/IMG/right_2021_01_30_21_16_39_002.jpg,0,1,0,30.18984
/Users/yanlu/Desktop/data/IMG/center_2021_01_30_21_16_39_070.jpg,/Users/yanlu/Desktop/data/IMG/left_2021_01_30_21_16_39_070.jpg,/Users/yanlu/Desktop/data/IMG/right_2021_01_30_21_16_39_070.jpg,-0.15,1,0,30.18461
/Users/yanlu/Desktop/data/IMG/center_2021_01_30_21_16_39_141.jpg,/Users/yanlu/Desktop/data/IMG/left_2021_01_30_21_16_39_141.jpg,/Users/yanlu/Desktop/data/IMG/right_2021_01_30_21_16_39_141.jpg,-0.35,1,0,30.1648
/Users/yanlu/Desktop/data/IMG/center_2021_01_30_21_16_39_226.jpg,/Users/yanlu/Desktop/data/IMG/left_2021_01_30_21_16_39_226.jpg,/Users/yanlu/Desktop/data/IMG/right_2021_01_30_21_16_39_226.jpg,-0.5500001,1,0,30.14157
/Users/yanlu/Desktop/data/IMG/center_2021_01_30_21_16_39_297.jpg,/Users/yanlu/Desktop/data/IMG/left_2021_01_30_21_16_39_297.jpg,/Users/yanlu/Desktop/data/IMG/right_2021_01_30_21_16_39_297.jpg,-0.7,1,0,30.12438
/Users/yanlu/Desktop/data/IMG/center_2021_01_30_21_16_39_375.jpg,/Users/yanlu/Desktop/data/IMG/left_2021_01_30_21_16_39_375.jpg,/Users/yanlu/Desktop/data/IMG/right_2021_01_30_21_16_39_375.jpg,-0.9000002,1,0,30.10586
/Users/yanlu/Desktop/data/IMG/center_2021_01_30_21_16_39_449.jpg,/Users/yanlu/Desktop/data/IMG/left_2021_01_30_21_16_39_449.jpg,/Users/yanlu/Desktop/data/IMG/right_2021_01_30_21_16_39_449.jpg,0,1,0,30.18363
/Users/yanlu/Desktop/data/IMG/center_2021_01_30_21_16_39_522.jpg,/Users/yanlu/Desktop/data/IMG/left_2021_01_30_21_16_39_522.jpg,/Users/yanlu/Desktop/data/IMG/right_2021_01_30_21_16_39_522.jpg,0,1,0,30.1896
/Users/yanlu/Desktop/data/IMG/center_2021_01_30_21_16_39_599.jpg,/Users/yanlu/Desktop/data/IMG/left_2021_01_30_21_16_39_599.jpg,/Users/yanlu/Desktop/data/IMG/right_2021_01_30_21_16_39_599.jpg,0,1,0,30.19047
/Users/yanlu/Desktop/data/IMG/center_2021_01_30_21_16_39_667.jpg,/Users/yanlu/Desktop/data/IMG/left_2021_01_30_21_16_39_667.jpg,/Users/yanlu/Desktop/data/IMG/right_2021_01_30_21_16_39_667.jpg,0,1,0,30.19014
/Users/yanlu/Desktop/data/IMG/center_2021_01_30_21_16_39_740.jpg,/Users/yanlu/Desktop/data/IMG/left_2021_01_30_21_16_39_740.jpg,/Users/yanlu/Desktop/data/IMG/right_2021_01_30_21_16_39_740.jpg,0,1,0,30.19115
/Users/yanlu/Desktop/data/IMG/center_2021_01_30_21_16_39_806.jpg,/Users/yanlu/Desktop/data/IMG/left_2021_01_30_21_16_39_806.jpg,/Users/yanlu/Desktop/data/IMG/right_2021_01_30_21_16_39_806.jpg,0,1,0,30.19144
/Users/yanlu/Desktop/data/IMG/center_2021_01_30_21_16_39_880.jpg,/Users/yanlu/Desktop/data/IMG/left_2021_01_30_21_16_39_880.jpg,/Users/yanlu/Desktop/data/IMG/right_2021_01_30_21_16_39_880.jpg,0,1,0,30.19065
/Users/yanlu/Desktop/data/IMG/center_2021_01_30_21_16_39_963.jpg,/Users/yanlu/Desktop/data/IMG/left_2021_01_30_21_16_39_963.jpg,/Users/yanlu/Desktop/data/IMG/right_2021_01_30_21_16_39_963.jpg,0.15,1,0,30.18437
/Users/yanlu/Desktop/data/IMG/center_2021_01_30_21_16_40_029.jpg,/Users/yanlu/Desktop/data/IMG/left_2021_01_30_21_16_40_029.jpg,/Users/yanlu/Desktop/data/IMG/right_2021_01_30_21_16_40_029.jpg,0.3,1,0,30.16942
/Users/yanlu/Desktop/data/IMG/center_2021_01_30_21_16_40_101.jpg,/Users/yanlu/Desktop/data/IMG/left_2021_01_30_21_16_40_101.jpg,/Users/yanlu/Desktop/data/IMG/right_2021_01_30_21_16_40_101.jpg,0,1,0,30.18798
/Users/yanlu/Desktop/data/IMG/center_2021_01_30_21_16_40_168.jpg,/Users/yanlu/Desktop/data/IMG/left_2021_01_30_21_16_40_168.jpg,/Users/yanlu/Desktop/data/IMG/right_2021_01_30_21_16_40_168.jpg,0,1,0,30.18876
/Users/yanlu/Desktop/data/IMG/center_2021_01_30_21_16_40_242.jpg,/Users/yanlu/Desktop/data/IMG/left_2021_01_30_21_16_40_242.jpg,/Users/yanlu/Desktop/data/IMG/right_2021_01_30_21_16_40_242.jpg,0,1,0,30.19003
/Users/yanlu/Desktop/data/IMG/center_2021_01_30_21_16_40_309.jpg,/Users/yanlu/Desktop/data/IMG/left_2021_01_30_21_16_40_309.jpg,/Users/yanlu/Desktop/data/IMG/right_2021_01_30_21_16_40_309.jpg,0.15,1,0,30.18633
/Users/yanlu/Desktop/data/IMG/center_2021_01_30_21_16_40_384.jpg,/Users/yanlu/Desktop/data/IMG/left_2021_01_30_21_16_40_384.jpg,/Users/yanlu/Desktop/data/IMG/right_2021_01_30_21_16_40_384.jpg,0.35,1,0,30.16578
/Users/yanlu/Desktop/data/IMG/center_2021_01_30_21_16_40_458.jpg,/Users/yanlu/Desktop/data/IMG/left_2021_01_30_21_16_40_458.jpg,/Users/yanlu/Desktop/data/IMG/right_2021_01_30_21_16_40_458.jpg,0.5000001,1,0,30.14705
/Users/yanlu/Desktop/data/IMG/center_2021_01_30_21_16_40_535.jpg,/Users/yanlu/Desktop/data/IMG/left_2021_01_30_21_16_40_535.jpg,/Users/yanlu/Desktop/data/IMG/right_2021_01_30_21_16_40_535.jpg,0,1,0,30.18018
/Users/yanlu/Desktop/data/IMG/center_2021_01_30_21_16_40_604.jpg,/Users/yanlu/Desktop/data/IMG/left_2021_01_30_21_16_40_604.jpg,/Users/yanlu/Desktop/data/IMG/right_2021_01_30_21_16_40_604.jpg,0,1,0,30.18811
/Users/yanlu/Desktop/data/IMG/center_2021_01_30_21_16_40_680.jpg,/Users/yanlu/Desktop/data/IMG/left_2021_01_30_21_16_40_680.jpg,/Users/yanlu/Desktop/data/IMG/right_2021_01_30_21_16_40_680.jpg,0,1,0,30.18991
/Users/yanlu/Desktop/data/IMG/center_2021_01_30_21_16_40_752.jpg,/Users/yanlu/Desktop/data/IMG/left_2021_01_30_21_16_40_752.jpg,/Users/yanlu/Desktop/data/IMG/right_2021_01_30_21_16_40_752.jpg,0,1,0,30.19022
/Users/yanlu/Desktop/data/IMG/center_2021_01_30_21_16_40_823.jpg,/Users/yanlu/Desktop/data/IMG/left_2021_01_30_21_16_40_823.jpg,/Users/yanlu/Desktop/data/IMG/right_2021_01_30_21_16_40_823.jpg,0,1,0,30.19029
/Users/yanlu/Desktop/data/IMG/center_2021_01_30_21_16_40_893.jpg,/Users/yanlu/Desktop/data/IMG/left_2021_01_30_21_16_40_893.jpg,/Users/yanlu/Desktop/data/IMG/right_2021_01_30_21_16_40_893.jpg,0,1,0,30.19008
/Users/yanlu/Desktop/data/IMG/center_2021_01_30_21_16_40_967.jpg,/Users/yanlu/Desktop/data/IMG/left_2021_01_30_21_16_40_967.jpg,/Users/yanlu/Desktop/data/IMG/right_2021_01_30_21_16_40_967.jpg,0,1,0,30.19016
/Users/yanlu/Desktop/data/IMG/center_2021_01_30_21_16_41_035.jpg,/Users/yanlu/Desktop/data/IMG/left_2021_01_30_21_16_41_035.jpg,/Users/yanlu/Desktop/data/IMG/right_2021_01_30_21_16_41_035.jpg,0,1,0,30.19021
/Users/yanlu/Desktop/data/IMG/center_2021_01_30_21_16_41_108.jpg,/Users/yanlu/Desktop/data/IMG/left_2021_01_30_21_16_41_108.jpg,/Users/yanlu/Desktop/data/IMG/right_2021_01_30_21_16_41_108.jpg,0,1,0,30.1901
/Users/yanlu/Desktop/data/IMG/center_2021_01_30_21_16_41_182.jpg,/Users/yanlu/Desktop/data/IMG/left_2021_01_30_21_16_41_182.jpg,/Users/yanlu/Desktop/data/IMG/right_2021_01_30_21_16_41_182.jpg,0,1,0,30.18965
/Users/yanlu/Desktop/data/IMG/center_2021_01_30_21_16_41_251.jpg,/Users/yanlu/Desktop/data/IMG/left_2021_01_30_21_16_41_251.jpg,/Users/yanlu/Desktop/data/IMG/right_2021_01_30_21_16_41_251.jpg,0,1,0,30.1904
/Users/yanlu/Desktop/data/IMG/center_2021_01_30_21_16_41_324.jpg,/Users/yanlu/Desktop/data/IMG/left_2021_01_30_21_16_41_324.jpg,/Users/yanlu/Desktop/data/IMG/right_2021_01_30_21_16_41_324.jpg,0,1,0,30.19034
/Users/yanlu/Desktop/data/IMG/center_2021_01_30_21_16_41_392.jpg,/Users/yanlu/Desktop/data/IMG/left_2021_01_30_21_16_41_392.jpg,/Users/yanlu/Desktop/data/IMG/right_2021_01_30_21_16_41_392.jpg,0,1,0,30.18993
/Users/yanlu/Desktop/data/IMG/center_2021_01_30_21_16_41_460.jpg,/Users/yanlu/Desktop/data/IMG/left_2021_01_30_21_16_41_460.jpg,/Users/yanlu/Desktop/data/IMG/right_2021_01_30_21_16_41_460.jpg,0,1,0,30.19048
/Users/yanlu/Desktop/data/IMG/center_2021_01_30_21_16_41_528.jpg,/Users/yanlu/Desktop/data/IMG/left_2021_01_30_21_16_41_528.jpg,/Users/yanlu/Desktop/data/IMG/right_2021_01_30_21_16_41_528.jpg,0,1,0,30.19038
/Users/yanlu/Desktop/data/IMG/center_2021_01_30_21_16_41_607.jpg,/Users/yanlu/Desktop/data/IMG/left_2021_01_30_21_16_41_607.jpg,/Users/yanlu/Desktop/data/IMG/right_2021_01_30_21_16_41_607.jpg,0,1,0,30.19038
/Users/yanlu/Desktop/data/IMG/center_2021_01_30_21_16_41_679.jpg,/Users/yanlu/Desktop/data/IMG/left_2021_01_30_21_16_41_679.jpg,/Users/yanlu/Desktop/data/IMG/right_2021_01_30_21_16_41_679.jpg,0,1,0,30.1904
/Users/yanlu/Desktop/data/IMG/center_2021_01_30_21_16_41_747.jpg,/Users/yanlu/Desktop/data/IMG/left_2021_01_30_21_16_41_747.jpg,/Users/yanlu/Desktop/data/IMG/right_2021_01_30_21_16_41_747.jpg,0,1,0,30.19038
/Users/yanlu/Desktop/data/IMG/center_2021_01_30_21_16_41_836.jpg,/Users/yanlu/Desktop/data/IMG/left_2021_01_30_21_16_41_836.jpg,/Users/yanlu/Desktop/data/IMG/right_2021_01_30_21_16_41_836.jpg,0,1,0,30.19029
/Users/yanlu/Desktop/data/IMG/center_2021_01_30_21_16_41_903.jpg,/Users/yanlu/Desktop/data/IMG/left_2021_01_30_21_16_41_903.jpg,/Users/yanlu/Desktop/data/IMG/right_2021_01_30_21_16_41_903.jpg,0,1,0,30.19027
/Users/yanlu/Desktop/data/IMG/center_2021_01_30_21_16_41_977.jpg,/Users/yanlu/Desktop/data/IMG/left_2021_01_30_21_16_41_977.jpg,/Users/yanlu/Desktop/data/IMG/right_2021_01_30_21_16_41_977.jpg,0,1,0,30.19047
/Users/yanlu/Desktop/data/IMG/center_2021_01_30_21_16_42_079.jpg,/Users/yanlu/Desktop/data/IMG/left_2021_01_30_21_16_42_079.jpg,/Users/yanlu/Desktop/data/IMG/right_2021_01_30_21_16_42_079.jpg,0,1,0,30.18877
/Users/yanlu/Desktop/data/IMG/center_2021_01_30_21_16_50_254.jpg,/Users/yanlu/Desktop/data/IMG/left_2021_01_30_21_16_50_254.jpg,/Users/yanlu/Desktop/data/IMG/right_2021_01_30_21_16_50_254.jpg,0,1,0,30.19
/Users/yanlu/Desktop/data/IMG/center_2021_01_30_21_16_50_324.jpg,/Users/yanlu/Desktop/data/IMG/left_2021_01_30_21_16_50_324.jpg,/Users/yanlu/Desktop/data/IMG/right_2021_01_30_21_16_50_324.jpg,0,1,0,30.19
/Users/yanlu/Desktop/data/IMG/center_2021_01_30_21_16_50_396.jpg,/Users/yanlu/Desktop/data/IMG/left_2021_01_30_21_16_50_396.jpg,/Users/yanlu/Desktop/data/IMG/right_2021_01_30_21_16_50_396.jpg,0,1,0,30.19004
/Users/yanlu/Desktop/data/IMG/center_2021_01_30_21_16_50_463.jpg,/Users/yanlu/Desktop/data/IMG/left_2021_01_30_21_16_50_463.jpg,/Users/yanlu/Desktop/data/IMG/right_2021_01_30_21_16_50_463.jpg,0,1,0,30.19005
/Users/yanlu/Desktop/data/IMG/center_2021_01_30_21_16_50_531.jpg,/Users/yanlu/Desktop/data/IMG/left_2021_01_30_21_16_50_531.jpg,/Users/yanlu/Desktop/data/IMG/right_2021_01_30_21_16_50_531.jpg,0,1,0,30.19008
/Users/yanlu/Desktop/data/IMG/center_2021_01_30_21_16_50_607.jpg,/Users/yanlu/Desktop/data/IMG/left_2021_01_30_21_16_50_607.jpg,/Users/yanlu/Desktop/data/IMG/right_2021_01_30_21_16_50_607.jpg,-0.2,1,0,30.18064
/Users/yanlu/Desktop/data/IMG/center_2021_01_30_21_16_50_676.jpg,/Users/yanlu/Desktop/data/IMG/left_2021_01_30_21_16_50_676.jpg,/Users/yanlu/Desktop/data/IMG/right_2021_01_30_21_16_50_676.jpg,-0.35,1,0,30.16362
/Users/yanlu/Desktop/data/IMG/center_2021_01_30_21_16_50_751.jpg,/Users/yanlu/Desktop/data/IMG/left_2021_01_30_21_16_50_751.jpg,/Users/yanlu/Desktop/data/IMG/right_2021_01_30_21_16_50_751.jpg,0,1,0,30.18609
/Users/yanlu/Desktop/data/IMG/center_2021_01_30_21_16_50_825.jpg,/Users/yanlu/Desktop/data/IMG/left_2021_01_30_21_16_50_825.jpg,/Users/yanlu/Desktop/data/IMG/right_2021_01_30_21_16_50_825.jpg,0,1,0,30.18927
/Users/yanlu/Desktop/data/IMG/center_2021_01_30_21_16_50_899.jpg,/Users/yanlu/Desktop/data/IMG/left_2021_01_30_21_16_50_899.jpg,/Users/yanlu/Desktop/data/IMG/right_2021_01_30_21_16_50_899.jpg,0,1,0,30.1894
/Users/yanlu/Desktop/data/IMG/center_2021_01_30_21_16_50_975.jpg,/Users/yanlu/Desktop/data/IMG/left_2021_01_30_21_16_50_975.jpg,/Users/yanlu/Desktop/data/IMG/right_2021_01_30_21_16_50_975.jpg,0,1,0,30.19013
/Users/yanlu/Desktop/data/IMG/center_2021_01_30_21_16_51_047.jpg,/Users/yanlu/Desktop/data/IMG/left_2021_01_30_21_16_51_047.jpg,/Users/yanlu/Desktop/data/IMG/right_2021_01_30_21_16_51_047.jpg,-0.2,1,0,30.1824
/Users/yanlu/Desktop/data/IMG/center_2021_01_30_21_16_51_122.jpg,/Users/yanlu/Desktop/data/IMG/left_2021_01_30_21_16_51_122.jpg,/Users/yanlu/Desktop/data/IMG/right_2021_01_30_21_16_51_122.jpg,0,1,0,30.18386
/Users/yanlu/Desktop/data/IMG/center_2021_01_30_21_16_51_193.jpg,/Users/yanlu/Desktop/data/IMG/left_2021_01_30_21_16_51_193.jpg,/Users/yanlu/Desktop/data/IMG/right_2021_01_30_21_16_51_193.jpg,0,1,0,30.18981
/Users/yanlu/Desktop/data/IMG/center_2021_01_30_21_16_51_271.jpg,/Users/yanlu/Desktop/data/IMG/left_2021_01_30_21_16_51_271.jpg,/Users/yanlu/Desktop/data/IMG/right_2021_01_30_21_16_51_271.jpg,0,1,0,30.19079
/Users/yanlu/Desktop/data/IMG/center_2021_01_30_21_16_51_339.jpg,/Users/yanlu/Desktop/data/IMG/left_2021_01_30_21_16_51_339.jpg,/Users/yanlu/Desktop/data/IMG/right_2021_01_30_21_16_51_339.jpg,-0.1,1,0,30.19007
/Users/yanlu/Desktop/data/IMG/center_2021_01_30_21_16_51_413.jpg,/Users/yanlu/Desktop/data/IMG/left_2021_01_30_21_16_51_413.jpg,/Users/yanlu/Desktop/data/IMG/right_2021_01_30_21_16_51_413.jpg,-0.25,1,0,30.17846
/Users/yanlu/Desktop/data/IMG/center_2021_01_30_21_16_51_482.jpg,/Users/yanlu/Desktop/data/IMG/left_2021_01_30_21_16_51_482.jpg,/Users/yanlu/Desktop/data/IMG/right_2021_01_30_21_16_51_482.jpg,0,1,0,30.18307
/Users/yanlu/Desktop/data/IMG/center_2021_01_30_21_16_51_558.jpg,/Users/yanlu/Desktop/data/IMG/left_2021_01_30_21_16_51_558.jpg,/Users/yanlu/Desktop/data/IMG/right_2021_01_30_21_16_51_558.jpg,0,1,0,30.18999
/Users/yanlu/Desktop/data/IMG/center_2021_01_30_21_16_51_629.jpg,/Users/yanlu/Desktop/data/IMG/left_2021_01_30_21_16_51_629.jpg,/Users/yanlu/Desktop/data/IMG/right_2021_01_30_21_16_51_629.jpg,0,1,0,30.19086
/Users/yanlu/Desktop/data/IMG/center_2021_01_30_21_16_51_702.jpg,/Users/yanlu/Desktop/data/IMG/left_2021_01_30_21_16_51_702.jpg,/Users/yanlu/Desktop/data/IMG/right_2021_01_30_21_16_51_702.jpg,-0.2,1,0,30.18298
/Users/yanlu/Desktop/data/IMG/center_2021_01_30_21_16_51_775.jpg,/Users/yanlu/Desktop/data/IMG/left_2021_01_30_21_16_51_775.jpg,/Users/yanlu/Desktop/data/IMG/right_2021_01_30_21_16_51_775.jpg,0,1,0,30.19061
/Users/yanlu/Desktop/data/IMG/center_2021_01_30_21_16_51_849.jpg,/Users/yanlu/Desktop/data/IMG/left_2021_01_30_21_16_51_849.jpg,/Users/yanlu/Desktop/data/IMG/right_2021_01_30_21_16_51_849.jpg,0,1,0,30.19435
/Users/yanlu/Desktop/data/IMG/center_2021_01_30_21_16_51_922.jpg,/Users/yanlu/Desktop/data/IMG/left_2021_01_30_21_16_51_922.jpg,/Users/yanlu/Desktop/data/IMG/right_2021_01_30_21_16_51_922.jpg,0,1,0,30.19025
/Users/yanlu/Desktop/data/IMG/center_2021_01_30_21_16_51_989.jpg,/Users/yanlu/Desktop/data/IMG/left_2021_01_30_21_16_51_989.jpg,/Users/yanlu/Desktop/data/IMG/right_2021_01_30_21_16_51_989.jpg,0,1,0,30.19069
/Users/yanlu/Desktop/data/IMG/center_2021_01_30_21_16_52_060.jpg,/Users/yanlu/Desktop/data/IMG/left_2021_01_30_21_16_52_060.jpg,/Users/yanlu/Desktop/data/IMG/right_2021_01_30_21_16_52_060.jpg,0,1,0,30.19091
/Users/yanlu/Desktop/data/IMG/center_2021_01_30_21_16_52_129.jpg,/Users/yanlu/Desktop/data/IMG/left_2021_01_30_21_16_52_129.jpg,/Users/yanlu/Desktop/data/IMG/right_2021_01_30_21_16_52_129.jpg,0,1,0,30.19053
/Users/yanlu/Desktop/data/IMG/center_2021_01_30_21_16_52_207.jpg,/Users/yanlu/Desktop/data/IMG/left_2021_01_30_21_16_52_207.jpg,/Users/yanlu/Desktop/data/IMG/right_2021_01_30_21_16_52_207.jpg,0,1,0,30.19077
/Users/yanlu/Desktop/data/IMG/center_2021_01_30_21_16_52_284.jpg,/Users/yanlu/Desktop/data/IMG/left_2021_01_30_21_16_52_284.jpg,/Users/yanlu/Desktop/data/IMG/right_2021_01_30_21_16_52_284.jpg,0,1,0,30.19081
/Users/yanlu/Desktop/data/IMG/center_2021_01_30_21_16_52_352.jpg,/Users/yanlu/Desktop/data/IMG/left_2021_01_30_21_16_52_352.jpg,/Users/yanlu/Desktop/data/IMG/right_2021_01_30_21_16_52_352.jpg,0,1,0,30.19077
/Users/yanlu/Desktop/data/IMG/center_2021_01_30_21_16_52_436.jpg,/Users/yanlu/Desktop/data/IMG/left_2021_01_30_21_16_52_436.jpg,/Users/yanlu/Desktop/data/IMG/right_2021_01_30_21_16_52_436.jpg,0,1,0,30.19079
/Users/yanlu/Desktop/data/IMG/center_2021_01_30_21_16_52_503.jpg,/Users/yanlu/Desktop/data/IMG/left_2021_01_30_21_16_52_503.jpg,/Users/yanlu/Desktop/data/IMG/right_2021_01_30_21_16_52_503.jpg,0,1,0,30.19165
/Users/yanlu/Desktop/data/IMG/center_2021_01_30_21_16_52_572.jpg,/Users/yanlu/Desktop/data/IMG/left_2021_01_30_21_16_52_572.jpg,/Users/yanlu/Desktop/data/IMG/right_2021_01_30_21_16_52_572.jpg,0,1,0,30.19033
/Users/yanlu/Desktop/data/IMG/center_2021_01_30_21_16_52_656.jpg,/Users/yanlu/Desktop/data/IMG/left_2021_01_30_21_16_52_656.jpg,/Users/yanlu/Desktop/data/IMG/right_2021_01_30_21_16_52_656.jpg,0,1,0,30.19043
/Users/yanlu/Desktop/data/IMG/center_2021_01_30_21_16_52_739.jpg,/Users/yanlu/Desktop/data/IMG/left_2021_01_30_21_16_52_739.jpg,/Users/yanlu/Desktop/data/IMG/right_2021_01_30_21_16_52_739.jpg,0,1,0,30.19022
/Users/yanlu/Desktop/data/IMG/center_2021_01_30_21_16_52_821.jpg,/Users/yanlu/Desktop/data/IMG/left_2021_01_30_21_16_52_821.jpg,/Users/yanlu/Desktop/data/IMG/right_2021_01_30_21_16_52_821.jpg,0.2,1,0,30.17959
/Users/yanlu/Desktop/data/IMG/center_2021_01_30_21_16_52_906.jpg,/Users/yanlu/Desktop/data/IMG/left_2021_01_30_21_16_52_906.jpg,/Users/yanlu/Desktop/data/IMG/right_2021_01_30_21_16_52_906.jpg,0,1,0,30.18932
/Users/yanlu/Desktop/data/IMG/center_2021_01_30_21_16_52_988.jpg,/Users/yanlu/Desktop/data/IMG/left_2021_01_30_21_16_52_988.jpg,/Users/yanlu/Desktop/data/IMG/right_2021_01_30_21_16_52_988.jpg,0,1,0,30.19018
/Users/yanlu/Desktop/data/IMG/center_2021_01_30_21_16_53_071.jpg,/Users/yanlu/Desktop/data/IMG/left_2021_01_30_21_16_53_071.jpg,/Users/yanlu/Desktop/data/IMG/right_2021_01_30_21_16_53_071.jpg,0,1,0,30.19024
/Users/yanlu/Desktop/data/IMG/center_2021_01_30_21_16_53_138.jpg,/Users/yanlu/Desktop/data/IMG/left_2021_01_30_21_16_53_138.jpg,/Users/yanlu/Desktop/data/IMG/right_2021_01_30_21_16_53_138.jpg,0,1,0,30.19032
/Users/yanlu/Desktop/data/IMG/center_2021_01_30_21_16_53_205.jpg,/Users/yanlu/Desktop/data/IMG/left_2021_01_30_21_16_53_205.jpg,/Users/yanlu/Desktop/data/IMG/right_2021_01_30_21_16_53_205.jpg,0,1,0,30.19032
/Users/yanlu/Desktop/data/IMG/center_2021_01_30_21_16_53_287.jpg,/Users/yanlu/Desktop/data/IMG/left_2021_01_30_21_16_53_287.jpg,/Users/yanlu/Desktop/data/IMG/right_2021_01_30_21_16_53_287.jpg,0,1,0,30.19028
/Users/yanlu/Desktop/data/IMG/center_2021_01_30_21_16_53_355.jpg,/Users/yanlu/Desktop/data/IMG/left_2021_01_30_21_16_53_355.jpg,/Users/yanlu/Desktop/data/IMG/right_2021_01_30_21_16_53_355.jpg,0,1,0,30.19029
/Users/yanlu/Desktop/data/IMG/center_2021_01_30_21_16_53_439.jpg,/Users/yanlu/Desktop/data/IMG/left_2021_01_30_21_16_53_439.jpg,/Users/yanlu/Desktop/data/IMG/right_2021_01_30_21_16_53_439.jpg,0,1,0,30.19026
/Users/yanlu/Desktop/data/IMG/center_2021_01_30_21_16_53_523.jpg,/Users/yanlu/Desktop/data/IMG/left_2021_01_30_21_16_53_523.jpg,/Users/yanlu/Desktop/data/IMG/right_2021_01_30_21_16_53_523.jpg,0,1,0,30.1903
/Users/yanlu/Desktop/data/IMG/center_2021_01_30_21_16_53_605.jpg,/Users/yanlu/Desktop/data/IMG/left_2021_01_30_21_16_53_605.jpg,/Users/yanlu/Desktop/data/IMG/right_2021_01_30_21_16_53_605.jpg,0,1,0,30.19028
/Users/yanlu/Desktop/data/IMG/center_2021_01_30_21_16_53_689.jpg,/Users/yanlu/Desktop/data/IMG/left_2021_01_30_21_16_53_689.jpg,/Users/yanlu/Desktop/data/IMG/right_2021_01_30_21_16_53_689.jpg,0,1,0,30.1903
/Users/yanlu/Desktop/data/IMG/center_2021_01_30_21_16_53_772.jpg,/Users/yanlu/Desktop/data/IMG/left_2021_01_30_21_16_53_772.jpg,/Users/yanlu/Desktop/data/IMG/right_2021_01_30_21_16_53_772.jpg,0,1,0,30.19031
/Users/yanlu/Desktop/data/IMG/center_2021_01_30_21_16_53_855.jpg,/Users/yanlu/Desktop/data/IMG/left_2021_01_30_21_16_53_855.jpg,/Users/yanlu/Desktop/data/IMG/right_2021_01_30_21_16_53_855.jpg,0,1,0,30.19029
/Users/yanlu/Desktop/data/IMG/center_2021_01_30_21_16_53_939.jpg,/Users/yanlu/Desktop/data/IMG/left_2021_01_30_21_16_53_939.jpg,/Users/yanlu/Desktop/data/IMG/right_2021_01_30_21_16_53_939.jpg,0,1,0,30.19029
/Users/yanlu/Desktop/data/IMG/center_2021_01_30_21_16_54_020.jpg,/Users/yanlu/Desktop/data/IMG/left_2021_01_30_21_16_54_020.jpg,/Users/yanlu/Desktop/data/IMG/right_2021_01_30_21_16_54_020.jpg,0,1,0,30.19031
/Users/yanlu/Desktop/data/IMG/center_2021_01_30_21_16_54_087.jpg,/Users/yanlu/Desktop/data/IMG/left_2021_01_30_21_16_54_087.jpg,/Users/yanlu/Desktop/data/IMG/right_2021_01_30_21_16_54_087.jpg,0,1,0,30.19029
/Users/yanlu/Desktop/data/IMG/center_2021_01_30_21_16_54_173.jpg,/Users/yanlu/Desktop/data/IMG/left_2021_01_30_21_16_54_173.jpg,/Users/yanlu/Desktop/data/IMG/right_2021_01_30_21_16_54_173.jpg,0,1,0,30.19062
/Users/yanlu/Desktop/data/IMG/center_2021_01_30_21_16_54_253.jpg,/Users/yanlu/Desktop/data/IMG/left_2021_01_30_21_16_54_253.jpg,/Users/yanlu/Desktop/data/IMG/right_2021_01_30_21_16_54_253.jpg,0,1,0,30.19027
/Users/yanlu/Desktop/data/IMG/center_2021_01_30_21_16_54_322.jpg,/Users/yanlu/Desktop/data/IMG/left_2021_01_30_21_16_54_322.jpg,/Users/yanlu/Desktop/data/IMG/right_2021_01_30_21_16_54_322.jpg,-0.1,1,0,30.18764
/Users/yanlu/Desktop/data/IMG/center_2021_01_30_21_16_54_403.jpg,/Users/yanlu/Desktop/data/IMG/left_2021_01_30_21_16_54_403.jpg,/Users/yanlu/Desktop/data/IMG/right_2021_01_30_21_16_54_403.jpg,-0.3,1,0,30.16924
/Users/yanlu/Desktop/data/IMG/center_2021_01_30_21_16_54_473.jpg,/Users/yanlu/Desktop/data/IMG/left_2021_01_30_21_16_54_473.jpg,/Users/yanlu/Desktop/data/IMG/right_2021_01_30_21_16_54_473.jpg,0,1,0,30.1888
/Users/yanlu/Desktop/data/IMG/center_2021_01_30_21_16_54_553.jpg,/Users/yanlu/Desktop/data/IMG/left_2021_01_30_21_16_54_553.jpg,/Users/yanlu/Desktop/data/IMG/right_2021_01_30_21_16_54_553.jpg,0,1,0,30.19008
/Users/yanlu/Desktop/data/IMG/center_2021_01_30_21_16_54_621.jpg,/Users/yanlu/Desktop/data/IMG/left_2021_01_30_21_16_54_621.jpg,/Users/yanlu/Desktop/data/IMG/right_2021_01_30_21_16_54_621.jpg,0,1,0,30.19024
/Users/yanlu/Desktop/data/IMG/center_2021_01_30_21_16_54_705.jpg,/Users/yanlu/Desktop/data/IMG/left_2021_01_30_21_16_54_705.jpg,/Users/yanlu/Desktop/data/IMG/right_2021_01_30_21_16_54_705.jpg,-0.15,1,0,30.18507
/Users/yanlu/Desktop/data/IMG/center_2021_01_30_21_16_54_789.jpg,/Users/yanlu/Desktop/data/IMG/left_2021_01_30_21_16_54_789.jpg,/Users/yanlu/Desktop/data/IMG/right_2021_01_30_21_16_54_789.jpg,-0.35,1,0,30.16434
/Users/yanlu/Desktop/data/IMG/center_2021_01_30_21_16_54_872.jpg,/Users/yanlu/Desktop/data/IMG/left_2021_01_30_21_16_54_872.jpg,/Users/yanlu/Desktop/data/IMG/right_2021_01_30_21_16_54_872.jpg,0,1,0,30.18948
/Users/yanlu/Desktop/data/IMG/center_2021_01_30_21_16_54_952.jpg,/Users/yanlu/Desktop/data/IMG/left_2021_01_30_21_16_54_952.jpg,/Users/yanlu/Desktop/data/IMG/right_2021_01_30_21_16_54_952.jpg,0,1,0,30.19011
/Users/yanlu/Desktop/data/IMG/center_2021_01_30_21_16_55_024.jpg,/Users/yanlu/Desktop/data/IMG/left_2021_01_30_21_16_55_024.jpg,/Users/yanlu/Desktop/data/IMG/right_2021_01_30_21_16_55_024.jpg,0,1,0,30.19029
/Users/yanlu/Desktop/data/IMG/center_2021_01_30_21_16_55_105.jpg,/Users/yanlu/Desktop/data/IMG/left_2021_01_30_21_16_55_105.jpg,/Users/yanlu/Desktop/data/IMG/right_2021_01_30_21_16_55_105.jpg,0,1,0,30.19028
/Users/yanlu/Desktop/data/IMG/center_2021_01_30_21_16_55_187.jpg,/Users/yanlu/Desktop/data/IMG/left_2021_01_30_21_16_55_187.jpg,/Users/yanlu/Desktop/data/IMG/right_2021_01_30_21_16_55_187.jpg,0,1,0,30.19
/Users/yanlu/Desktop/data/IMG/center_2021_01_30_21_16_55_255.jpg,/Users/yanlu/Desktop/data/IMG/left_2021_01_30_21_16_55_255.jpg,/Users/yanlu/Desktop/data/IMG/right_2021_01_30_21_16_55_255.jpg,0,1,0,30.19037
/Users/yanlu/Desktop/data/IMG/center_2021_01_30_21_16_55_336.jpg,/Users/yanlu/Desktop/data/IMG/left_2021_01_30_21_16_55_336.jpg,/Users/yanlu/Desktop/data/IMG/right_2021_01_30_21_16_55_336.jpg,0,1,0,30.19032
/Users/yanlu/Desktop/data/IMG/center_2021_01_30_21_16_55_405.jpg,/Users/yanlu/Desktop/data/IMG/left_2021_01_30_21_16_55_405.jpg,/Users/yanlu/Desktop/data/IMG/right_2021_01_30_21_16_55_405.jpg,0,1,0,30.1902
/Users/yanlu/Desktop/data/IMG/center_2021_01_30_21_16_55_487.jpg,/Users/yanlu/Desktop/data/IMG/left_2021_01_30_21_16_55_487.jpg,/Users/yanlu/Desktop/data/IMG/right_2021_01_30_21_16_55_487.jpg,0,1,0,30.19025
/Users/yanlu/Desktop/data/IMG/center_2021_01_30_21_16_55_554.jpg,/Users/yanlu/Desktop/data/IMG/left_2021_01_30_21_16_55_554.jpg,/Users/yanlu/Desktop/data/IMG/right_2021_01_30_21_16_55_554.jpg,0,1,0,30.19034
/Users/yanlu/Desktop/data/IMG/center_2021_01_30_21_16_55_637.jpg,/Users/yanlu/Desktop/data/IMG/left_2021_01_30_21_16_55_637.jpg,/Users/yanlu/Desktop/data/IMG/right_2021_01_30_21_16_55_637.jpg,0,1,0,30.19033
/Users/yanlu/Desktop/data/IMG/center_2021_01_30_21_16_55_704.jpg,/Users/yanlu/Desktop/data/IMG/left_2021_01_30_21_16_55_704.jpg,/Users/yanlu/Desktop/data/IMG/right_2021_01_30_21_16_55_704.jpg,0,1,0,30.1903
/Users/yanlu/Desktop/data/IMG/center_2021_01_30_21_16_55_774.jpg,/Users/yanlu/Desktop/data/IMG/left_2021_01_30_21_16_55_774.jpg,/Users/yanlu/Desktop/data/IMG/right_2021_01_30_21_16_55_774.jpg,0,1,0,30.1903
/Users/yanlu/Desktop/data/IMG/center_2021_01_30_21_16_55_855.jpg,/Users/yanlu/Desktop/data/IMG/left_2021_01_30_21_16_55_855.jpg,/Users/yanlu/Desktop/data/IMG/right_2021_01_30_21_16_55_855.jpg,0,1,0,30.19033
/Users/yanlu/Desktop/data/IMG/center_2021_01_30_21_16_55_937.jpg,/Users/yanlu/Desktop/data/IMG/left_2021_01_30_21_16_55_937.jpg,/Users/yanlu/Desktop/data/IMG/right_2021_01_30_21_16_55_937.jpg,0,1,0,30.19024
/Users/yanlu/Desktop/data/IMG/center_2021_01_30_21_16_56_005.jpg,/Users/yanlu/Desktop/data/IMG/left_2021_01_30_21_16_56_005.jpg,/Users/yanlu/Desktop/data/IMG/right_2021_01_30_21_16_56_005.jpg,0,1,0,30.19027
/Users/yanlu/Desktop/data/IMG/center_2021_01_30_21_16_56_143.jpg,/Users/yanlu/Desktop/data/IMG/left_2021_01_30_21_16_56_143.jpg,/Users/yanlu/Desktop/data/IMG/right_2021_01_30_21_16_56_143.jpg,0,1,0,30.01774
/Users/yanlu/Desktop/data/IMG/center_2021_01_30_21_17_03_117.jpg,/Users/yanlu/Desktop/data/IMG/left_2021_01_30_21_17_03_117.jpg,/Users/yanlu/Desktop/data/IMG/right_2021_01_30_21_17_03_117.jpg,0,1,0,30.18971
/Users/yanlu/Desktop/data/IMG/center_2021_01_30_21_17_03_202.jpg,/Users/yanlu/Desktop/data/IMG/left_2021_01_30_21_17_03_202.jpg,/Users/yanlu/Desktop/data/IMG/right_2021_01_30_21_17_03_202.jpg,-0.1,1,0,30.18758
/Users/yanlu/Desktop/data/IMG/center_2021_01_30_21_17_03_273.jpg,/Users/yanlu/Desktop/data/IMG/left_2021_01_30_21_17_03_273.jpg,/Users/yanlu/Desktop/data/IMG/right_2021_01_30_21_17_03_273.jpg,-0.25,1,0,30.17541
/Users/yanlu/Desktop/data/IMG/center_2021_01_30_21_17_03_343.jpg,/Users/yanlu/Desktop/data/IMG/left_2021_01_30_21_17_03_343.jpg,/Users/yanlu/Desktop/data/IMG/right_2021_01_30_21_17_03_343.jpg,-0.45,1,0,30.15005
/Users/yanlu/Desktop/data/IMG/center_2021_01_30_21_17_03_410.jpg,/Users/yanlu/Desktop/data/IMG/left_2021_01_30_21_17_03_410.jpg,/Users/yanlu/Desktop/data/IMG/right_2021_01_30_21_17_03_410.jpg,-0.6000001,1,0,30.13427
/Users/yanlu/Desktop/data/IMG/center_2021_01_30_21_17_03_501.jpg,/Users/yanlu/Desktop/data/IMG/left_2021_01_30_21_17_03_501.jpg,/Users/yanlu/Desktop/data/IMG/right_2021_01_30_21_17_03_501.jpg,0,1,0,30.18653
/Users/yanlu/Desktop/data/IMG/center_2021_01_30_21_17_03_573.jpg,/Users/yanlu/Desktop/data/IMG/left_2021_01_30_21_17_03_573.jpg,/Users/yanlu/Desktop/data/IMG/right_2021_01_30_21_17_03_573.jpg,0,1,0,30.18649
/Users/yanlu/Desktop/data/IMG/center_2021_01_30_21_17_03_668.jpg,/Users/yanlu/Desktop/data/IMG/left_2021_01_30_21_17_03_668.jpg,/Users/yanlu/Desktop/data/IMG/right_2021_01_30_21_17_03_668.jpg,0,1,0,30.18987
/Users/yanlu/Desktop/data/IMG/center_2021_01_30_21_17_03_737.jpg,/Users/yanlu/Desktop/data/IMG/left_2021_01_30_21_17_03_737.jpg,/Users/yanlu/Desktop/data/IMG/right_2021_01_30_21_17_03_737.jpg,-0.05,1,0,30.19025
/Users/yanlu/Desktop/data/IMG/center_2021_01_30_21_17_03_810.jpg,/Users/yanlu/Desktop/data/IMG/left_2021_01_30_21_17_03_810.jpg,/Users/yanlu/Desktop/data/IMG/right_2021_01_30_21_17_03_810.jpg,-0.25,1,0,30.17792
/Users/yanlu/Desktop/data/IMG/center_2021_01_30_21_17_03_905.jpg,/Users/yanlu/Desktop/data/IMG/left_2021_01_30_21_17_03_905.jpg,/Users/yanlu/Desktop/data/IMG/right_2021_01_30_21_17_03_905.jpg,-0.5000001,1,0,30.149
/Users/yanlu/Desktop/data/IMG/center_2021_01_30_21_17_03_977.jpg,/Users/yanlu/Desktop/data/IMG/left_2021_01_30_21_17_03_977.jpg,/Users/yanlu/Desktop/data/IMG/right_2021_01_30_21_17_03_977.jpg,-0.6500001,1,0,30.13111
/Users/yanlu/Desktop/data/IMG/center_2021_01_30_21_17_04_045.jpg,/Users/yanlu/Desktop/data/IMG/left_2021_01_30_21_17_04_045.jpg,/Users/yanlu/Desktop/data/IMG/right_2021_01_30_21_17_04_045.jpg,0,1,0,30.17614
/Users/yanlu/Desktop/data/IMG/center_2021_01_30_21_17_04_133.jpg,/Users/yanlu/Desktop/data/IMG/left_2021_01_30_21_17_04_133.jpg,/Users/yanlu/Desktop/data/IMG/right_2021_01_30_21_17_04_133.jpg,-0.15,1,0,30.19355
/Users/yanlu/Desktop/data/IMG/center_2021_01_30_21_17_04_203.jpg,/Users/yanlu/Desktop/data/IMG/left_2021_01_30_21_17_04_203.jpg,/Users/yanlu/Desktop/data/IMG/right_2021_01_30_21_17_04_203.jpg,0,1,0,30.1866
/Users/yanlu/Desktop/data/IMG/center_2021_01_30_21_17_04_270.jpg,/Users/yanlu/Desktop/data/IMG/left_2021_01_30_21_17_04_270.jpg,/Users/yanlu/Desktop/data/IMG/right_2021_01_30_21_17_04_270.jpg,0,1,0,30.19316
/Users/yanlu/Desktop/data/IMG/center_2021_01_30_21_17_04_346.jpg,/Users/yanlu/Desktop/data/IMG/left_2021_01_30_21_17_04_346.jpg,/Users/yanlu/Desktop/data/IMG/right_2021_01_30_21_17_04_346.jpg,0,1,0,30.18955
/Users/yanlu/Desktop/data/IMG/center_2021_01_30_21_17_04_435.jpg,/Users/yanlu/Desktop/data/IMG/left_2021_01_30_21_17_04_435.jpg,/Users/yanlu/Desktop/data/IMG/right_2021_01_30_21_17_04_435.jpg,0,1,0,30.19086
/Users/yanlu/Desktop/data/IMG/center_2021_01_30_21_17_04_502.jpg,/Users/yanlu/Desktop/data/IMG/left_2021_01_30_21_17_04_502.jpg,/Users/yanlu/Desktop/data/IMG/right_2021_01_30_21_17_04_502.jpg,0,1,0,30.19035
/Users/yanlu/Desktop/data/IMG/center_2021_01_30_21_17_04_572.jpg,/Users/yanlu/Desktop/data/IMG/left_2021_01_30_21_17_04_572.jpg,/Users/yanlu/Desktop/data/IMG/right_2021_01_30_21_17_04_572.jpg,0,1,0,30.1907
/Users/yanlu/Desktop/data/IMG/center_2021_01_30_21_17_04_646.jpg,/Users/yanlu/Desktop/data/IMG/left_2021_01_30_21_17_04_646.jpg,/Users/yanlu/Desktop/data/IMG/right_2021_01_30_21_17_04_646.jpg,0,1,0,30.19087
/Users/yanlu/Desktop/data/IMG/center_2021_01_30_21_17_04_734.jpg,/Users/yanlu/Desktop/data/IMG/left_2021_01_30_21_17_04_734.jpg,/Users/yanlu/Desktop/data/IMG/right_2021_01_30_21_17_04_734.jpg,-0.05,1,0,30.19037
/Users/yanlu/Desktop/data/IMG/center_2021_01_30_21_17_04_802.jpg,/Users/yanlu/Desktop/data/IMG/left_2021_01_30_21_17_04_802.jpg,/Users/yanlu/Desktop/data/IMG/right_2021_01_30_21_17_04_802.jpg,-0.25,1,0,30.17672
/Users/yanlu/Desktop/data/IMG/center_2021_01_30_21_17_04_873.jpg,/Users/yanlu/Desktop/data/IMG/left_2021_01_30_21_17_04_873.jpg,/Users/yanlu/Desktop/data/IMG/right_2021_01_30_21_17_04_873.jpg,-0.4,1,0,30.15787
/Users/yanlu/Desktop/data/IMG/center_2021_01_30_21_17_04_949.jpg,/Users/yanlu/Desktop/data/IMG/left_2021_01_30_21_17_04_949.jpg,/Users/yanlu/Desktop/data/IMG/right_2021_01_30_21_17_04_949.jpg,0,1,0,30.18584
/Users/yanlu/Desktop/data/IMG/center_2021_01_30_21_17_05_035.jpg,/Users/yanlu/Desktop/data/IMG/left_2021_01_30_21_17_05_035.jpg,/Users/yanlu/Desktop/data/IMG/right_2021_01_30_21_17_05_035.jpg,0,1,0,30.18922
/Users/yanlu/Desktop/data/IMG/center_2021_01_30_21_17_05_102.jpg,/Users/yanlu/Desktop/data/IMG/left_2021_01_30_21_17_05_102.jpg,/Users/yanlu/Desktop/data/IMG/right_2021_01_30_21_17_05_102.jpg,-0.2,1,0,30.18524
/Users/yanlu/Desktop/data/IMG/center_2021_01_30_21_17_05_173.jpg,/Users/yanlu/Desktop/data/IMG/left_2021_01_30_21_17_05_173.jpg,/Users/yanlu/Desktop/data/IMG/right_2021_01_30_21_17_05_173.jpg,-0.35,1,0,30.1707
/Users/yanlu/Desktop/data/IMG/center_2021_01_30_21_17_05_244.jpg,/Users/yanlu/Desktop/data/IMG/left_2021_01_30_21_17_05_244.jpg,/Users/yanlu/Desktop/data/IMG/right_2021_01_30_21_17_05_244.jpg,0,1,0,30.18609
/Users/yanlu/Desktop/data/IMG/center_2021_01_30_21_17_05_335.jpg,/Users/yanlu/Desktop/data/IMG/left_2021_01_30_21_17_05_335.jpg,/Users/yanlu/Desktop/data/IMG/right_2021_01_30_21_17_05_335.jpg,0,1,0,30.18951
/Users/yanlu/Desktop/data/IMG/center_2021_01_30_21_17_05_403.jpg,/Users/yanlu/Desktop/data/IMG/left_2021_01_30_21_17_05_403.jpg,/Users/yanlu/Desktop/data/IMG/right_2021_01_30_21_17_05_403.jpg,0,1,0,30.18913
/Users/yanlu/Desktop/data/IMG/center_2021_01_30_21_17_05_472.jpg,/Users/yanlu/Desktop/data/IMG/left_2021_01_30_21_17_05_472.jpg,/Users/yanlu/Desktop/data/IMG/right_2021_01_30_21_17_05_472.jpg,0,1,0,30.19008
/Users/yanlu/Desktop/data/IMG/center_2021_01_30_21_17_05_569.jpg,/Users/yanlu/Desktop/data/IMG/left_2021_01_30_21_17_05_569.jpg,/Users/yanlu/Desktop/data/IMG/right_2021_01_30_21_17_05_569.jpg,0,1,0,30.19028
/Users/yanlu/Desktop/data/IMG/center_2021_01_30_21_17_05_639.jpg,/Users/yanlu/Desktop/data/IMG/left_2021_01_30_21_17_05_639.jpg,/Users/yanlu/Desktop/data/IMG/right_2021_01_30_21_17_05_639.jpg,0,1,0,30.19033
/Users/yanlu/Desktop/data/IMG/center_2021_01_30_21_17_05_711.jpg,/Users/yanlu/Desktop/data/IMG/left_2021_01_30_21_17_05_711.jpg,/Users/yanlu/Desktop/data/IMG/right_2021_01_30_21_17_05_711.jpg,0,1,0,30.19076
/Users/yanlu/Desktop/data/IMG/center_2021_01_30_21_17_05_802.jpg,/Users/yanlu/Desktop/data/IMG/left_2021_01_30_21_17_05_802.jpg,/Users/yanlu/Desktop/data/IMG/right_2021_01_30_21_17_05_802.jpg,0,1,0,30.19031
/Users/yanlu/Desktop/data/IMG/center_2021_01_30_21_17_05_871.jpg,/Users/yanlu/Desktop/data/IMG/left_2021_01_30_21_17_05_871.jpg,/Users/yanlu/Desktop/data/IMG/right_2021_01_30_21_17_05_871.jpg,0,1,0,30.19033
/Users/yanlu/Desktop/data/IMG/center_2021_01_30_21_17_05_945.jpg,/Users/yanlu/Desktop/data/IMG/left_2021_01_30_21_17_05_945.jpg,/Users/yanlu/Desktop/data/IMG/right_2021_01_30_21_17_05_945.jpg,0,1,0,30.19028
/Users/yanlu/Desktop/data/IMG/center_2021_01_30_21_17_06_036.jpg,/Users/yanlu/Desktop/data/IMG/left_2021_01_30_21_17_06_036.jpg,/Users/yanlu/Desktop/data/IMG/right_2021_01_30_21_17_06_036.jpg,0,1,0,30.19027
/Users/yanlu/Desktop/data/IMG/center_2021_01_30_21_17_06_107.jpg,/Users/yanlu/Desktop/data/IMG/left_2021_01_30_21_17_06_107.jpg,/Users/yanlu/Desktop/data/IMG/right_2021_01_30_21_17_06_107.jpg,0,1,0,30.19031
/Users/yanlu/Desktop/data/IMG/center_2021_01_30_21_17_06_182.jpg,/Users/yanlu/Desktop/data/IMG/left_2021_01_30_21_17_06_182.jpg,/Users/yanlu/Desktop/data/IMG/right_2021_01_30_21_17_06_182.jpg,0,1,0,30.18993
/Users/yanlu/Desktop/data/IMG/center_2021_01_30_21_17_06_267.jpg,/Users/yanlu/Desktop/data/IMG/left_2021_01_30_21_17_06_267.jpg,/Users/yanlu/Desktop/data/IMG/right_2021_01_30_21_17_06_267.jpg,0,1,0,30.19031
/Users/yanlu/Desktop/data/IMG/center_2021_01_30_21_17_06_335.jpg,/Users/yanlu/Desktop/data/IMG/left_2021_01_30_21_17_06_335.jpg,/Users/yanlu/Desktop/data/IMG/right_2021_01_30_21_17_06_335.jpg,0,1,0,30.19029
/Users/yanlu/Desktop/data/IMG/center_2021_01_30_21_17_06_406.jpg,/Users/yanlu/Desktop/data/IMG/left_2021_01_30_21_17_06_406.jpg,/Users/yanlu/Desktop/data/IMG/right_2021_01_30_21_17_06_406.jpg,0,1,0,30.19029
/Users/yanlu/Desktop/data/IMG/center_2021_01_30_21_17_06_558.jpg,/Users/yanlu/Desktop/data/IMG/left_2021_01_30_21_17_06_558.jpg,/Users/yanlu/Desktop/data/IMG/right_2021_01_30_21_17_06_558.jpg,0,1,0,29.87165
/Users/yanlu/Desktop/data/IMG/center_2021_01_30_21_17_12_683.jpg,/Users/yanlu/Desktop/data/IMG/left_2021_01_30_21_17_12_683.jpg,/Users/yanlu/Desktop/data/IMG/right_2021_01_30_21_17_12_683.jpg,0,0.4730941,0,19.95607
/Users/yanlu/Desktop/data/IMG/center_2021_01_30_21_17_12_750.jpg,/Users/yanlu/Desktop/data/IMG/left_2021_01_30_21_17_12_750.jpg,/Users/yanlu/Desktop/data/IMG/right_2021_01_30_21_17_12_750.jpg,0,0.6544468,0,20.48652
/Users/yanlu/Desktop/data/IMG/center_2021_01_30_21_17_12_821.jpg,/Users/yanlu/Desktop/data/IMG/left_2021_01_30_21_17_12_821.jpg,/Users/yanlu/Desktop/data/IMG/right_2021_01_30_21_17_12_821.jpg,0,0.8874511,0,21.04552
/Users/yanlu/Desktop/data/IMG/center_2021_01_30_21_17_12_889.jpg,/Users/yanlu/Desktop/data/IMG/left_2021_01_30_21_17_12_889.jpg,/Users/yanlu/Desktop/data/IMG/right_2021_01_30_21_17_12_889.jpg,0,1,0,21.5171
/Users/yanlu/Desktop/data/IMG/center_2021_01_30_21_17_12_963.jpg,/Users/yanlu/Desktop/data/IMG/left_2021_01_30_21_17_12_963.jpg,/Users/yanlu/Desktop/data/IMG/right_2021_01_30_21_17_12_963.jpg,0,1,0,22.33383
/Users/yanlu/Desktop/data/IMG/center_2021_01_30_21_17_13_031.jpg,/Users/yanlu/Desktop/data/IMG/left_2021_01_30_21_17_13_031.jpg,/Users/yanlu/Desktop/data/IMG/right_2021_01_30_21_17_13_031.jpg,0,1,0,22.96102
/Users/yanlu/Desktop/data/IMG/center_2021_01_30_21_17_13_099.jpg,/Users/yanlu/Desktop/data/IMG/left_2021_01_30_21_17_13_099.jpg,/Users/yanlu/Desktop/data/IMG/right_2021_01_30_21_17_13_099.jpg,0,1,0,23.73763
/Users/yanlu/Desktop/data/IMG/center_2021_01_30_21_17_13_167.jpg,/Users/yanlu/Desktop/data/IMG/left_2021_01_30_21_17_13_167.jpg,/Users/yanlu/Desktop/data/IMG/right_2021_01_30_21_17_13_167.jpg,0,1,0,24.31322
/Users/yanlu/Desktop/data/IMG/center_2021_01_30_21_17_13_241.jpg,/Users/yanlu/Desktop/data/IMG/left_2021_01_30_21_17_13_241.jpg,/Users/yanlu/Desktop/data/IMG/right_2021_01_30_21_17_13_241.jpg,-0.15,1,0,25.08167
/Users/yanlu/Desktop/data/IMG/center_2021_01_30_21_17_13_310.jpg,/Users/yanlu/Desktop/data/IMG/left_2021_01_30_21_17_13_310.jpg,/Users/yanlu/Desktop/data/IMG/right_2021_01_30_21_17_13_310.jpg,-0.3,1,0,25.61479
/Users/yanlu/Desktop/data/IMG/center_2021_01_30_21_17_13_377.jpg,/Users/yanlu/Desktop/data/IMG/left_2021_01_30_21_17_13_377.jpg,/Users/yanlu/Desktop/data/IMG/right_2021_01_30_21_17_13_377.jpg,-0.45,1,0,26.09784
/Users/yanlu/Desktop/data/IMG/center_2021_01_30_21_17_13_447.jpg,/Users/yanlu/Desktop/data/IMG/left_2021_01_30_21_17_13_447.jpg,/Users/yanlu/Desktop/data/IMG/right_2021_01_30_21_17_13_447.jpg,0,1,0,26.74657
/Users/yanlu/Desktop/data/IMG/center_2021_01_30_21_17_13_515.jpg,/Users/yanlu/Desktop/data/IMG/left_2021_01_30_21_17_13_515.jpg,/Users/yanlu/Desktop/data/IMG/right_2021_01_30_21_17_13_515.jpg,0,1,0,27.30292
/Users/yanlu/Desktop/data/IMG/center_2021_01_30_21_17_13_586.jpg,/Users/yanlu/Desktop/data/IMG/left_2021_01_30_21_17_13_586.jpg,/Users/yanlu/Desktop/data/IMG/right_2021_01_30_21_17_13_586.jpg,0,1,0,28.04844
/Users/yanlu/Desktop/data/IMG/center_2021_01_30_21_17_13_659.jpg,/Users/yanlu/Desktop/data/IMG/left_2021_01_30_21_17_13_659.jpg,/Users/yanlu/Desktop/data/IMG/right_2021_01_30_21_17_13_659.jpg,0,1,0,28.79011
/Users/yanlu/Desktop/data/IMG/center_2021_01_30_21_17_13_729.jpg,/Users/yanlu/Desktop/data/IMG/left_2021_01_30_21_17_13_729.jpg,/Users/yanlu/Desktop/data/IMG/right_2021_01_30_21_17_13_729.jpg,0,1,0,29.34269
/Users/yanlu/Desktop/data/IMG/center_2021_01_30_21_17_13_796.jpg,/Users/yanlu/Desktop/data/IMG/left_2021_01_30_21_17_13_796.jpg,/Users/yanlu/Desktop/data/IMG/right_2021_01_30_21_17_13_796.jpg,0,1,0,29.89188
/Users/yanlu/Desktop/data/IMG/center_2021_01_30_21_17_13_870.jpg,/Users/yanlu/Desktop/data/IMG/left_2021_01_30_21_17_13_870.jpg,/Users/yanlu/Desktop/data/IMG/right_2021_01_30_21_17_13_870.jpg,0,1,0,30.19009
/Users/yanlu/Desktop/data/IMG/center_2021_01_30_21_17_13_942.jpg,/Users/yanlu/Desktop/data/IMG/left_2021_01_30_21_17_13_942.jpg,/Users/yanlu/Desktop/data/IMG/right_2021_01_30_21_17_13_942.jpg,0,1,0,30.18843
/Users/yanlu/Desktop/data/IMG/center_2021_01_30_21_17_14_011.jpg,/Users/yanlu/Desktop/data/IMG/left_2021_01_30_21_17_14_011.jpg,/Users/yanlu/Desktop/data/IMG/right_2021_01_30_21_17_14_011.jpg,0.1,1,0,30.18937
/Users/yanlu/Desktop/data/IMG/center_2021_01_30_21_17_14_079.jpg,/Users/yanlu/Desktop/data/IMG/left_2021_01_30_21_17_14_079.jpg,/Users/yanlu/Desktop/data/IMG/right_2021_01_30_21_17_14_079.jpg,0.3,1,0,30.17098
/Users/yanlu/Desktop/data/IMG/center_2021_01_30_21_17_14_150.jpg,/Users/yanlu/Desktop/data/IMG/left_2021_01_30_21_17_14_150.jpg,/Users/yanlu/Desktop/data/IMG/right_2021_01_30_21_17_14_150.jpg,0,1,0,30.17774
/Users/yanlu/Desktop/data/IMG/center_2021_01_30_21_17_14_220.jpg,/Users/yanlu/Desktop/data/IMG/left_2021_01_30_21_17_14_220.jpg,/Users/yanlu/Desktop/data/IMG/right_2021_01_30_21_17_14_220.jpg,0,1,0,30.19282
/Users/yanlu/Desktop/data/IMG/center_2021_01_30_21_17_14_291.jpg,/Users/yanlu/Desktop/data/IMG/left_2021_01_30_21_17_14_291.jpg,/Users/yanlu/Desktop/data/IMG/right_2021_01_30_21_17_14_291.jpg,0,1,0,30.19021
/Users/yanlu/Desktop/data/IMG/center_2021_01_30_21_17_14_362.jpg,/Users/yanlu/Desktop/data/IMG/left_2021_01_30_21_17_14_362.jpg,/Users/yanlu/Desktop/data/IMG/right_2021_01_30_21_17_14_362.jpg,-0.1,1,0,30.18655
/Users/yanlu/Desktop/data/IMG/center_2021_01_30_21_17_14_435.jpg,/Users/yanlu/Desktop/data/IMG/left_2021_01_30_21_17_14_435.jpg,/Users/yanlu/Desktop/data/IMG/right_2021_01_30_21_17_14_435.jpg,-0.25,1,0,30.17149
/Users/yanlu/Desktop/data/IMG/center_2021_01_30_21_17_14_513.jpg,/Users/yanlu/Desktop/data/IMG/left_2021_01_30_21_17_14_513.jpg,/Users/yanlu/Desktop/data/IMG/right_2021_01_30_21_17_14_513.jpg,-0.45,1,0,30.1494
/Users/yanlu/Desktop/data/IMG/center_2021_01_30_21_17_14_587.jpg,/Users/yanlu/Desktop/data/IMG/left_2021_01_30_21_17_14_587.jpg,/Users/yanlu/Desktop/data/IMG/right_2021_01_30_21_17_14_587.jpg,0,1,0,30.17229
/Users/yanlu/Desktop/data/IMG/center_2021_01_30_21_17_14_661.jpg,/Users/yanlu/Desktop/data/IMG/left_2021_01_30_21_17_14_661.jpg,/Users/yanlu/Desktop/data/IMG/right_2021_01_30_21_17_14_661.jpg,0,1,0,30.18627
/Users/yanlu/Desktop/data/IMG/center_2021_01_30_21_17_14_729.jpg,/Users/yanlu/Desktop/data/IMG/left_2021_01_30_21_17_14_729.jpg,/Users/yanlu/Desktop/data/IMG/right_2021_01_30_21_17_14_729.jpg,0,1,0,30.18988
/Users/yanlu/Desktop/data/IMG/center_2021_01_30_21_17_14_805.jpg,/Users/yanlu/Desktop/data/IMG/left_2021_01_30_21_17_14_805.jpg,/Users/yanlu/Desktop/data/IMG/right_2021_01_30_21_17_14_805.jpg,0,1,0,30.19035
/Users/yanlu/Desktop/data/IMG/center_2021_01_30_21_17_14_871.jpg,/Users/yanlu/Desktop/data/IMG/left_2021_01_30_21_17_14_871.jpg,/Users/yanlu/Desktop/data/IMG/right_2021_01_30_21_17_14_871.jpg,0,1,0,30.19002
/Users/yanlu/Desktop/data/IMG/center_2021_01_30_21_17_14_942.jpg,/Users/yanlu/Desktop/data/IMG/left_2021_01_30_21_17_14_942.jpg,/Users/yanlu/Desktop/data/IMG/right_2021_01_30_21_17_14_942.jpg,0,1,0,30.19079
/Users/yanlu/Desktop/data/IMG/center_2021_01_30_21_17_15_014.jpg,/Users/yanlu/Desktop/data/IMG/left_2021_01_30_21_17_15_014.jpg,/Users/yanlu/Desktop/data/IMG/right_2021_01_30_21_17_15_014.jpg,0,1,0,30.19061
/Users/yanlu/Desktop/data/IMG/center_2021_01_30_21_17_15_097.jpg,/Users/yanlu/Desktop/data/IMG/left_2021_01_30_21_17_15_097.jpg,/Users/yanlu/Desktop/data/IMG/right_2021_01_30_21_17_15_097.jpg,0,1,0,30.19055
/Users/yanlu/Desktop/data/IMG/center_2021_01_30_21_17_15_166.jpg,/Users/yanlu/Desktop/data/IMG/left_2021_01_30_21_17_15_166.jpg,/Users/yanlu/Desktop/data/IMG/right_2021_01_30_21_17_15_166.jpg,0,1,0,30.19056
/Users/yanlu/Desktop/data/IMG/center_2021_01_30_21_17_15_240.jpg,/Users/yanlu/Desktop/data/IMG/left_2021_01_30_21_17_15_240.jpg,/Users/yanlu/Desktop/data/IMG/right_2021_01_30_21_17_15_240.jpg,-0.05,1,0,30.18987
/Users/yanlu/Desktop/data/IMG/center_2021_01_30_21_17_15_311.jpg,/Users/yanlu/Desktop/data/IMG/left_2021_01_30_21_17_15_311.jpg,/Users/yanlu/Desktop/data/IMG/right_2021_01_30_21_17_15_311.jpg,-0.2,1,0,30.17967
/Users/yanlu/Desktop/data/IMG/center_2021_01_30_21_17_15_381.jpg,/Users/yanlu/Desktop/data/IMG/left_2021_01_30_21_17_15_381.jpg,/Users/yanlu/Desktop/data/IMG/right_2021_01_30_21_17_15_381.jpg,-0.4,1,0,30.15705
/Users/yanlu/Desktop/data/IMG/center_2021_01_30_21_17_15_454.jpg,/Users/yanlu/Desktop/data/IMG/left_2021_01_30_21_17_15_454.jpg,/Users/yanlu/Desktop/data/IMG/right_2021_01_30_21_17_15_454.jpg,0,1,0,30.18901
/Users/yanlu/Desktop/data/IMG/center_2021_01_30_21_17_15_523.jpg,/Users/yanlu/Desktop/data/IMG/left_2021_01_30_21_17_15_523.jpg,/Users/yanlu/Desktop/data/IMG/right_2021_01_30_21_17_15_523.jpg,0,1,0,30.18962
/Users/yanlu/Desktop/data/IMG/center_2021_01_30_21_17_15_596.jpg,/Users/yanlu/Desktop/data/IMG/left_2021_01_30_21_17_15_596.jpg,/Users/yanlu/Desktop/data/IMG/right_2021_01_30_21_17_15_596.jpg,0,1,0,30.19016
/Users/yanlu/Desktop/data/IMG/center_2021_01_30_21_17_15_669.jpg,/Users/yanlu/Desktop/data/IMG/left_2021_01_30_21_17_15_669.jpg,/Users/yanlu/Desktop/data/IMG/right_2021_01_30_21_17_15_669.jpg,0,1,0,30.19095
/Users/yanlu/Desktop/data/IMG/center_2021_01_30_21_17_15_739.jpg,/Users/yanlu/Desktop/data/IMG/left_2021_01_30_21_17_15_739.jpg,/Users/yanlu/Desktop/data/IMG/right_2021_01_30_21_17_15_739.jpg,0,1,0,30.19049
/Users/yanlu/Desktop/data/IMG/center_2021_01_30_21_17_15_814.jpg,/Users/yanlu/Desktop/data/IMG/left_2021_01_30_21_17_15_814.jpg,/Users/yanlu/Desktop/data/IMG/right_2021_01_30_21_17_15_814.jpg,0,1,0,30.19044
/Users/yanlu/Desktop/data/IMG/center_2021_01_30_21_17_15_884.jpg,/Users/yanlu/Desktop/data/IMG/left_2021_01_30_21_17_15_884.jpg,/Users/yanlu/Desktop/data/IMG/right_2021_01_30_21_17_15_884.jpg,0,1,0,30.19038
/Users/yanlu/Desktop/data/IMG/center_2021_01_30_21_17_15_956.jpg,/Users/yanlu/Desktop/data/IMG/left_2021_01_30_21_17_15_956.jpg,/Users/yanlu/Desktop/data/IMG/right_2021_01_30_21_17_15_956.jpg,0,1,0,30.19044
/Users/yanlu/Desktop/data/IMG/center_2021_01_30_21_17_16_024.jpg,/Users/yanlu/Desktop/data/IMG/left_2021_01_30_21_17_16_024.jpg,/Users/yanlu/Desktop/data/IMG/right_2021_01_30_21_17_16_024.jpg,0,1,0,30.19044
/Users/yanlu/Desktop/data/IMG/center_2021_01_30_21_17_16_104.jpg,/Users/yanlu/Desktop/data/IMG/left_2021_01_30_21_17_16_104.jpg,/Users/yanlu/Desktop/data/IMG/right_2021_01_30_21_17_16_104.jpg,-0.2,1,0,30.17953
/Users/yanlu/Desktop/data/IMG/center_2021_01_30_21_17_16_189.jpg,/Users/yanlu/Desktop/data/IMG/left_2021_01_30_21_17_16_189.jpg,/Users/yanlu/Desktop/data/IMG/right_2021_01_30_21_17_16_189.jpg,-0.4,1,0,30.15693
/Users/yanlu/Desktop/data/IMG/center_2021_01_30_21_17_16_268.jpg,/Users/yanlu/Desktop/data/IMG/left_2021_01_30_21_17_16_268.jpg,/Users/yanlu/Desktop/data/IMG/right_2021_01_30_21_17_16_268.jpg,0,1,0,30.18624
/Users/yanlu/Desktop/data/IMG/center_2021_01_30_21_17_16_342.jpg,/Users/yanlu/Desktop/data/IMG/left_2021_01_30_21_17_16_342.jpg,/Users/yanlu/Desktop/data/IMG/right_2021_01_30_21_17_16_342.jpg,0,1,0,30.189
/Users/yanlu/Desktop/data/IMG/center_2021_01_30_21_17_16_410.jpg,/Users/yanlu/Desktop/data/IMG/left_2021_01_30_21_17_16_410.jpg,/Users/yanlu/Desktop/data/IMG/right_2021_01_30_21_17_16_410.jpg,0,1,0,30.18979
/Users/yanlu/Desktop/data/IMG/center_2021_01_30_21_17_16_502.jpg,/Users/yanlu/Desktop/data/IMG/left_2021_01_30_21_17_16_502.jpg,/Users/yanlu/Desktop/data/IMG/right_2021_01_30_21_17_16_502.jpg,0,1,0,30.19029
/Users/yanlu/Desktop/data/IMG/center_2021_01_30_21_17_16_584.jpg,/Users/yanlu/Desktop/data/IMG/left_2021_01_30_21_17_16_584.jpg,/Users/yanlu/Desktop/data/IMG/right_2021_01_30_21_17_16_584.jpg,0,1,0,30.19021
/Users/yanlu/Desktop/data/IMG/center_2021_01_30_21_17_16_651.jpg,/Users/yanlu/Desktop/data/IMG/left_2021_01_30_21_17_16_651.jpg,/Users/yanlu/Desktop/data/IMG/right_2021_01_30_21_17_16_651.jpg,0,1,0,30.19015
/Users/yanlu/Desktop/data/IMG/center_2021_01_30_21_17_16_719.jpg,/Users/yanlu/Desktop/data/IMG/left_2021_01_30_21_17_16_719.jpg,/Users/yanlu/Desktop/data/IMG/right_2021_01_30_21_17_16_719.jpg,0,0.9033189,0,30.15909
/Users/yanlu/Desktop/data/IMG/center_2021_01_30_21_17_16_787.jpg,/Users/yanlu/Desktop/data/IMG/left_2021_01_30_21_17_16_787.jpg,/Users/yanlu/Desktop/data/IMG/right_2021_01_30_21_17_16_787.jpg,0,0.6993909,0,30.13534
/Users/yanlu/Desktop/data/IMG/center_2021_01_30_21_17_16_857.jpg,/Users/yanlu/Desktop/data/IMG/left_2021_01_30_21_17_16_857.jpg,/Users/yanlu/Desktop/data/IMG/right_2021_01_30_21_17_16_857.jpg,0,0.5040939,0,30.09105
/Users/yanlu/Desktop/data/IMG/center_2021_01_30_21_17_16_925.jpg,/Users/yanlu/Desktop/data/IMG/left_2021_01_30_21_17_16_925.jpg,/Users/yanlu/Desktop/data/IMG/right_2021_01_30_21_17_16_925.jpg,0,0.3041048,0,30.00427
/Users/yanlu/Desktop/data/IMG/center_2021_01_30_21_17_17_018.jpg,/Users/yanlu/Desktop/data/IMG/left_2021_01_30_21_17_17_018.jpg,/Users/yanlu/Desktop/data/IMG/right_2021_01_30_21_17_17_018.jpg,0,0.006214023,0,29.9197
/Users/yanlu/Desktop/data/IMG/center_2021_01_30_21_17_17_086.jpg,/Users/yanlu/Desktop/data/IMG/left_2021_01_30_21_17_17_086.jpg,/Users/yanlu/Desktop/data/IMG/right_2021_01_30_21_17_17_086.jpg,0,0,0,29.67685
/Users/yanlu/Desktop/data/IMG/center_2021_01_30_21_17_17_157.jpg,/Users/yanlu/Desktop/data/IMG/left_2021_01_30_21_17_17_157.jpg,/Users/yanlu/Desktop/data/IMG/right_2021_01_30_21_17_17_157.jpg,0,0,0,29.49745
/Users/yanlu/Desktop/data/IMG/center_2021_01_30_21_17_17_252.jpg,/Users/yanlu/Desktop/data/IMG/left_2021_01_30_21_17_17_252.jpg,/Users/yanlu/Desktop/data/IMG/right_2021_01_30_21_17_17_252.jpg,0,0.300867,0,29.3629
/Users/yanlu/Desktop/data/IMG/center_2021_01_30_21_17_17_323.jpg,/Users/yanlu/Desktop/data/IMG/left_2021_01_30_21_17_17_323.jpg,/Users/yanlu/Desktop/data/IMG/right_2021_01_30_21_17_17_323.jpg,0,0.5165459,0,29.54092
/Users/yanlu/Desktop/data/IMG/center_2021_01_30_21_17_17_418.jpg,/Users/yanlu/Desktop/data/IMG/left_2021_01_30_21_17_17_418.jpg,/Users/yanlu/Desktop/data/IMG/right_2021_01_30_21_17_17_418.jpg,0,0.7991699,0,29.90844
/Users/yanlu/Desktop/data/IMG/center_2021_01_30_21_17_17_486.jpg,/Users/yanlu/Desktop/data/IMG/left_2021_01_30_21_17_17_486.jpg,/Users/yanlu/Desktop/data/IMG/right_2021_01_30_21_17_17_486.jpg,0,1,0,30.19445
/Users/yanlu/Desktop/data/IMG/center_2021_01_30_21_17_17_558.jpg,/Users/yanlu/Desktop/data/IMG/left_2021_01_30_21_17_17_558.jpg,/Users/yanlu/Desktop/data/IMG/right_2021_01_30_21_17_17_558.jpg,0,1,0,30.19012
/Users/yanlu/Desktop/data/IMG/center_2021_01_30_21_17_17_625.jpg,/Users/yanlu/Desktop/data/IMG/left_2021_01_30_21_17_17_625.jpg,/Users/yanlu/Desktop/data/IMG/right_2021_01_30_21_17_17_625.jpg,0,1,0,30.19031
/Users/yanlu/Desktop/data/IMG/center_2021_01_30_21_17_17_720.jpg,/Users/yanlu/Desktop/data/IMG/left_2021_01_30_21_17_17_720.jpg,/Users/yanlu/Desktop/data/IMG/right_2021_01_30_21_17_17_720.jpg,0,1,0,30.19031
/Users/yanlu/Desktop/data/IMG/center_2021_01_30_21_17_17_833.jpg,/Users/yanlu/Desktop/data/IMG/left_2021_01_30_21_17_17_833.jpg,/Users/yanlu/Desktop/data/IMG/right_2021_01_30_21_17_17_833.jpg,0,1,0,29.43023